Name,CR,,,,
The Demogorgon,8,,,,
A-mi-kuk,7,,,,
Aalpamac,7,,,,
Aarakocra,1/4,,,,
Aatxe,5,,,,
Aaztar-ghola,4,,,,
Abbanith Giant,3,,,,
Abhorrent Overlord,9,,,,
Abjurer,9,,,,
Abjurer Wizard,9,,,,
Aboleth,10,,,,
"Aboleth, Nihileth",12,,,,
Abominable Beauty,11,,,,
Abominable Yeti,9,,,,
Abyssal Custodian,20,,,,
Abyssal Wretch,1/4,,,,
Accursed Defiler,4,,,,
Acererak,23,,,,
Achaeierai,5,,,,
Acid Ant,1/4,,,,
Acolyte,1/4,,,,
Adherer,2,,,,
Adolescent Dark Young,5,,,,
Adranach,12,,,,
Adult Amethyst Dragon,16,,,,
Adult Bhole,18,,,,
Adult Black Dragon,14,,,,
Adult Blue Dracolich,17,,,,
Adult Blue Dragon,16,,,,
Adult Boreal Dragon,17,,,,
Adult Brass Dragon,13,,,,
Adult Bronze Dragon,15,,,,
Adult Cave Dragon,16,,,,
Adult Copper Dragon,14,,,,
Adult Crystal Dragon,12,,,,
Adult Dark Young,10,,,,
Adult Deep Dragon,11,,,,
Adult Emerald Dragon,14,,,,
Adult Faerie Dragon,2,,,,
Adult Flame Dragon,16,,,,
Adult Gold Dragon,17,,,,
Adult Green Dragon,15,,,,
Adult Imperial Dragon,20,,,,
Adult Kruthik,2,,,,
Adult Light Dragon,16,,,,
Adult Mithral Dragon,14,,,,
Adult Moonstone Dragon,15,,,,
Adult Oblex,5,,,,
Adult Oblex,5,,,,
Adult Phoenix,10,,,,
Adult Red Dragon,17,,,,
Adult Rime Worm,6,,,,
Adult Sapphire Dragon,15,,,,
Adult Sea Dragon,16,,,,
Adult Silver Dragon,16,,,,
Adult Topaz Dragon,13,,,,
Adult Void Dragon,14,,,,
Adult Wasteland Dragon,17,,,,
Adult White Dragon,13,,,,
Adult Wind Dragon,17,,,,
Aeorian Absorber,10,,,,
Aeorian Nullifier,12,,,,
Aeorian Reverser,8,,,,
Aerial Servant,9,,,,
Aerisi Kalinoth,7,,,,
Aerisi Kalinoth (with Lair Actions),9,,,,
Agdon Longscarf,2,,,,
Agnibarra,1,,,,
Ahmaergo,9,,,,
Ahu-Nixta,3,,,,
Ahu-Nixta Cataphract,8,,,,
Ahu-Nixta Drudge,1/2,,,,
Ahuizotl,2,,,,
Air Elemental,5,,,,
Air Elemental Myrmidon,7,,,,
Air Elemental Myrmidon,7,,,,
Akaasit,6,,,,
Akhlut,6,,,,
Akroan Hoplite,3,,,,
Al-Aeshma,9,,,,
Ala,8,,,,
Alabaster Tree,7,,,,
Albino Death Weasel,1,,,,
Albino Dwarf Warrior,1/4,,,,
Alchemical Apprentice,1,,,,
Alchemical Golem,9,,,,
Alchemical Skunk,4,,,,
Alchemist Archer,10,,,,
Aldani ,1,,,,
Alehouse Drake,1/2,,,,
Algoid,3,,,,
Algorith,10,,,,
Alhoon,10,,,,
Alhoon,10,,,,
Alkilith,11,,,,
Alkilith,11,,,,
Alkonost,1/2,,,,
Alligator,1/4,,,,
Alligator Turtle,1/4,,,,
Allip,5,,,,
Allip,5,,,,
Alliumite,1/4,,,,
Allosaurus,2,,,,
Almiraj,0,,,,
Alnaar,9,,,,
Alp,1,,,,
Alpha Fish,3,,,,
Alpha Yek,9,,,,
Alseid,1,,,,
Alseid,1/2,,,,
Alseid Grovekeeper,3,,,,
"Alsikaya, The Screeching Mother of Volcanoes",28,,,,
Altar Flame Golem,10,,,,
Alynn,10,,,,
Amber Ooze,4,,,,
Amble,10,,,,
Ambush Drake,1/2,,,,
Amethyst Dragon Wyrmling,4,,,,
Amidor the Dandelion,1/2,,,,
Ammalia Cassalanter,5,,,,
Ammut,9,,,,
Amnizu,18,,,,
Amnizu,18,,,,
Amphiptere,3,,,,
Amphisbaena,1/2,,,,
Amphoron of Yothri Juggernaut,6,,,,
Amphoron of Yothri Warrior,2,,,,
Amphoron of Yothri Worker,1/2,,,,
Anarch,1/4,,,,
Ancient Amethyst Dragon,23,,,,
Ancient Black Dragon,21,,,,
Ancient Blue Dragon,23,,,,
Ancient Boreal Dragon,24,,,,
Ancient Brass Dragon,20,,,,
Ancient Bronze Dragon,22,,,,
Ancient Chronomancer,7,,,,
Ancient Copper Dragon,21,,,,
Ancient Crystal Dragon,19,,,,
Ancient Deep Crow,15,,,,
Ancient Deep Dragon,18,,,,
Ancient Dragon Turtle,24,,,,
Ancient Emerald Dragon,21,,,,
Ancient Flame Dragon,24,,,,
Ancient Gold Dragon,24,,,,
Ancient Green Dragon,22,,,,
Ancient Imperial Dragon,26,,,,
Ancient Light Dragon,22,,,,
Ancient Mandriano,8,,,,
Ancient Mithral Dragon,18,,,,
Ancient Moonstone Dragon,21,,,,
Ancient Red Dragon,24,,,,
Ancient Sapphire Dragon,22,,,,
Ancient Sea Dragon,22,,,,
Ancient Sea Serpent,14,,,,
Ancient Silver Dragon,23,,,,
Ancient Titan,12,,,,
Ancient Topaz Dragon,20,,,,
Ancient Void Dragon,24,,,,
Ancient Wasteland Dragon,23,,,,
Ancient White Dragon,20,,,,
Ancient Wind Dragon,22,,,,
Andras,8,,,,
Andrenjinyi,15,,,,
Androsphinx,17,,,,
Angatra,6,,,,
Angel of Judgement,18,,,,
Angelic Enforcer,12,,,,
Angler Worm,4,,,,
Angry Sorrowsworn,13,,,,
Animated Armor,1,,,,
Animated Bearskin Rug,4,,,,
Animated Breath,6,,,,
Animated Broom,1/4,,,,
Animated Chained Library,1,,,,
Animated Table,2,,,,
Aniwye,5,,,,
Ankheg,2,,,,
Ankou Soul Herald,21,,,,
Ankou Soul Seeker,8,,,,
Ankylosaurus,3,,,,
Ankylosaurus Zombie,3,,,,
Annis Hag,6,,,,
Annis Hag,6,,,,
Anophiloi,1,,,,
Ant Lion,4,,,,
Anubian,2,,,,
Anvilwrought Raptor,1/2,,,,
Anzu,9,,,,
Apau Perape,6,,,,
Apaxrusl,3,,,,
Ape,1/2,,,,
Aphemia,5,,,,
Apprentice Wizard,1/4,,,,
Apprentice Wizard,1/4,,,,
Arachnid Queen,3,,,,
Arachnocrat,5,,,,
Aranea,3,,,,
Arasta,21,,,,
Arbeyach,21,,,,
Arborcyte,8,,,,
Arboreal Grappler,3,,,,
Arcamag,2,,,,
Arcanaloth,12,,,,
Arcanamite,1,,,,
Arcanaphage,4,,,,
Arcane Guardian,6,,,,
Arcanoplasm,4,,,,
Archaeopteryx,1/4,,,,
Archaic,18,,,,
Archdruid,12,,,,
Archdruid,12,,,,
Archduke Zariel of Avernus,26,,,,
Archer,1/4,,,,
Archer,3,,,,
Archer,3,,,,
Archlich,30,,,,
Archmage,12,,,,
Archon of Falling Stars,12,,,,
Archon of Redemption,10,,,,
Archon of the Triumvirate,14,,,,
Arclight Phoenix,12,,,,
Aribeth de Tylmarande,10,,,,
Aridni,5,,,,
Armanite,7,,,,
Armanite,7,,,,
Armed Skeleton,1,,,,
Armor Sliver,3,,,,
Armory Golem,7,,,,
Arrant Quill,11,,,,
Art Elemental Mascot,1/4,,,,
Artificer of Yothri,5,,,,
Artus Cimber,7,,,,
Asanbosam,5,,,,
Ascomoid,3,,,,
Ash Drake,4,,,,
Ash Phoenix,9,,,,
Ashari Firetamer,7,,,,
Ashari Skydancer,5,,,,
Ashari Stoneguard,7,,,,
Ashari Waverider,4,,,,
Ashen Custodian,6,,,,
Ashen Rider,16,,,,
Aspect of Bahamut,30,,,,
Aspect of Tiamat,30,,,,
Assassin,8,,,,
Assassin Bug,5,,,,
Assassin Bug,3,,,,
Assassin Vine,3,,,,
Astral Devourer,8,,,,
Astral Dreadnought,21,,,,
Astral Dreadnought,21,,,,
Astral Moth,1/8,,,,
Astral Shark,5,,,,
Astral Snapper,3,,,,
Astri,8,,,,
Astropal,13,,,,
Atterroppe,1/2,,,,
August Rooster,4,,,,
Aurelia,23,,,,
Auril (First Form),9,,,,
Auril (Second Form),10,,,,
Auril (Third Form),11,,,,
Aurochs,2,,,,
Aurora Horribilis,9,,,,
Aurumvorax,5,,,,
Auspicia Dran,2,,,,
Automata,10,,,,
Autumn Eladrin,10,,,,
Autumn Eladrin,10,,,,
Avalanche Screamer,7,,,,
Avarice,7,,,,
Avatar of Atlach-Nacha,22,,,,
Avatar of Bokrug,19,,,,
Avatar of Boreas,17,,,,
Avatar of Byatis,20,,,,
Avatar of Chaugnar Faugn,19,,,,
Avatar of Shoth,21,,,,
Avatar of Tsathoggua,18,,,,
Avatar of Yig,21,,,,
Aviere,1/2,,,,
Avulzor,8,,,,
Awakened Shrub,0,,,,
Awakened Tree,2,,,,
Awakened Zurkhwood,2,,,,
Axe Beak,1/4,,,,
Azbara Jos,4,,,,
Azeban,4,,,,
Azer,2,,,,
Azi Dahaka,14,,,,
Azure Enchanter,7,,,,
Azure Mind Sculptor,10,,,,
Azza Gremlin,1/4,,,,
Baalzebul,26,,,,
Baba Lysaga,11,,,,
Baba Lysaga's Creeping Hut,11,,,,
Baba Yaga,20,,,,
"Baba Yaga’s Horsemen, Base",11,,,,
Babau,4,,,,
Babau,4,,,,
Baboon,0,,,,
Baby Tanglewyrm,6,,,,
Badger,0,,,,
Bael,19,,,,
Bael,19,,,,
Bagiennik,3,,,,
Bak Mei,13,,,,
Balhannoth,11,,,,
Baliri,14,,,,
Balloon Spider,1,,,,
Balor,19,,,,
Banderbobb,5,,,,
Banderhobb,5,,,,
Bandit,1/8,,,,
Bandit Captain,2,,,,
Bandit Lord,4,,,,
Baneling,1/2,,,,
Banshee,4,,,,
Baphomet,23,,,,
Baphomet,23,,,,
Bar Brawl,3,,,,
Barbatos,6,,,,
Barbed Devil,5,,,,
Bard,2,,,,
Bard,2,,,,
Barghest,4,,,,
Barghest,4,,,,
Barlgura,5,,,,
Barnibus Blastwind,2,,,,
Barometz,6,,,,
Barong,17,,,,
Barovian Witch,1/2,,,,
Basilisk,3,,,,
Bastet Temple Cat,1,,,,
Bastian Thermandar,8,,,,
Bat,0,,,,
Bat King,13,,,,
"Bathael, the Exiled Lord",16,,,,
Bathhouse Drake,3,,,,
Battle Mage,4,,,,
Battleforce Angel,5,,,,
Bavlorna Blightstraw,7,,,,
Bearded Devil,3,,,,
Bearfolk,3,,,,
Bearfolk Chieftan,6,,,,
Bearing Golem,6,,,,
Bearmit Crab,2,,,,
Beast of Ill Omen,2,,,,
Bebilith,12,,,,
Befouled Weird,5,,,,
Beggar Ghoul,1/2,,,,
"Behemoth, Terror of the Earth",30,,,,
Behir,11,,,,
Beholder,13,,,,
Beholder (in lair),14,,,,
Beholder Dragon,15,,,,
Beholder Zombie,5,,,,
Behtu,2,,,,
Belashyrra,22,,,,
Beledros Witherbloom,24,,,,
Beli,2,,,,
Bellowing Tanglewyrm,15,,,,
"Belphegor, Hell's Inventor",22,,,,
Berbalang,2,,,,
Berchta,16,,,,
Bereginyas,4,,,,
Berserker,2,,,,
Berstuc,11,,,,
"Bhaal, Ravager",24,,,,
"Bhaal, Slayer",20,,,,
Bheur Hag,7,,,,
Bheur Hag,7,,,,
Bhole Hatchling,13,,,,
Biclops,6,,,,
Bilby,0,,,,
Bilwis,1,,,,
Biomancer,10,,,,
Bjornhild Solvigsdottir,5,,,,
Black Abishai,7,,,,
Black Abishai,7,,,,
Black Bear,1/2,,,,
Black Crier,11,,,,
Black Dracolisk,7,,,,
Black Dragon Wyrmling,2,,,,
Black Earth Guard,2,,,,
Black Earth Priest,3,,,,
Black Guantlet of Bane,6,,,,
Black Knight,12,,,,
Black Knight Commander,5,,,,
Black Pudding,4,,,,
Black Sun orc,2,,,,
Black Sun Priestess,3,,,,
Black Viper,5,,,,
Blackguard,8,,,,
Blackguard,8,,,,
Blagothkus,9,,,,
Bleakheart,3,,,,
Blemmyes,8,,,,
Blessed Berserker,3,,,,
Blindhelm,2,,,,
Blink Dog,1/4,,,,
Blistercoil Weird,4,,,,
Bloated Ghoul,6,,,,
Blood Drinker Vampire,8,,,,
Blood Elemental,5,,,,
Blood Giant,8,,,,
Blood Hag,11,,,,
Blood Hawk,1/8,,,,
Blood Hunter,5,,,,
Blood Imp,1/2,,,,
Blood Mage,7,,,,
Blood Ooze,6,,,,
Blood Ooze,3,,,,
Blood Orchid,5,,,,
Blood Orchid Grand Savant,9,,,,
Blood Orchid Savant,7,,,,
Blood Pudding,2,,,,
Blood Witch,7,,,,
Blood Zombie,2,,,,
Blood-Toll Harpy,1/8,,,,
Bloodbeast,3,,,,
Bloodfray Giant,6,,,,
Bloodsapper,3,,,,
Bloodstone Sentinel,8,,,,
Bloodsuckle,3,,,,
Bloody Bones,3,,,,
Bloody Bones,2,,,,
Bloom Hydra,6,,,,
Blue Abishai,17,,,,
Blue Abishai,17,,,,
Blue Dracolisk,7,,,,
Blue Dragon Wyrmling,3,,,,
Blue Elf,5,,,,
Blue Slaad,7,,,,
Boalisk,1,,,,
Boar,1/4,,,,
Bodak,6,,,,
Bodak,6,,,,
Bodhi Irenicus,15,,,,
Bodytaker Plant,7,,,,
Bog Troll,5,,,,
Boggle,1/8,,,,
Boggle,1/8,,,,
Boloti,1,,,,
Bone Cobbler,2,,,,
Bone Collective,8,,,,
Bone Colossus,13,,,,
Bone Crab,1/2,,,,
Bone Devil,9,,,,
Bone Golem,7,,,,
Bone Golem,9,,,,
Bone Knight,5,,,,
Bone Naga,4,,,,
Bone Swarm,10,,,,
Boneclaw,12,,,,
Boneclaw,12,,,,
Boneless,1,,,,
Bonepowder Ghoul,12,,,,
Boneshard Wraith,12,,,,
Bonespitter,13,,,,
Bonesucker,4,,,,
Bookkeeper,1/8,,,,
Boomer,1/2,,,,
Boot Grabber,1/2,,,,
Borborygmos,18,,,,
Borea's Chosen,7,,,,
Boreal Dragon Wyrmling,2,,,,
Borivik Windheim,10,,,,
Borsin (Ape Centaur),3,,,,
Bouda,5,,,,
Brachyura Shambler,4,,,,
Brackish Trudge,3,,,,
Brahma Lutter,2,,,,
Brain Hood,1/2,,,,
Brain in a Jar,3,,,,
Brains in Iron,6,,,,
Brass Dragon Wyrmling,1,,,,
Brass Man,6,,,,
Bridesmaid of Zuggtmoy,1/8,,,,
Bridge Troll,4,,,,
Brigganock,1/8,,,,
Brimstone Locusthound,3,,,,
Brine Sea Serpent,10,,,,
Bristled Moorbounder,3,,,,
Brontosaurus,5,,,,
Brontotherium,6,,,,
Bronze Dragon Wyrmling,2,,,,
Bronze Golem,3,,,,
Bronze Sable,1,,,,
Bronze Scout,1,,,,
Brood Butcher,9,,,,
Brood Monitor,7,,,,
Brood Sliver,3,,,,
Broodiken,1,,,,
Broodmother of Leng,11,,,,
Broom of Animated Attack,1/4,,,,
Brother Ox,16,,,,
Brown Bear,1,,,,
Brume,6,,,,
Bucca,1/2,,,,
Bugbear,1,,,,
Bugbear Chief,3,,,,
Bukavac,9,,,,
Bulbous Violet,1,,,,
Bulette,5,,,,
Bulezau,3,,,,
Bulezau,3,,,,
Bull,1/4,,,,
Bullywug,1/4,,,,
Bullywug Croaker,2,,,,
Bullywug Knight,3,,,,
Bullywug Royal,3,,,,
Bullywug Shaman,2,,,,
Buraq,11,,,,
Burning Dervish,3,,,,
Burning Skeleton,1,,,,
Burnished Hart,2,,,,
Burrowling,1/2,,,,
Burrowshark,4,,,,
Butatsch,14,,,,
Byakhee,4,,,,
Cackler,1/2,,,,
Cackling Skeleton,1/2,,,,
Cactid,3,,,,
Cacus Giant,6,,,,
Cadaver,1/2,,,,
Cadaver Collector,14,,,,
Cadaver Lord,3,,,,
Cadaver Sprite,1/2,,,,
Cambion,5,,,,
Cambium,14,,,,
Camel,1/8,,,,
Campestri,0,,,,
Canoloth,8,,,,
Canoloth,8,,,,
Canopic Golem,13,,,,
Capra Demon,6,,,,
Captain Othelstan,5,,,,
Carbuncle,1,,,,
Carbuncle,1/8,,,,
Carnivorous Ship,13,,,,
Carnivorous Sod,1,,,,
Carrier Mosquito,3,,,,
Carrion Beetle,4,,,,
Carrion Crawler,2,,,,
Carrion Stalker,3,,,,
Carrionette,1,,,,
Carytid Column,1,,,,
Cat,0,,,,
Category 1 Krasis,1,,,,
Category 2 Krasis,6,,,,
Category 3 Krasis,16,,,,
Caterprism,4,,,,
Catoblepas,5,,,,
Catoblepas,5,,,,
Catoblepas,5,,,,
Cats of Ulthar,4,,,,
Catscratch,3,,,,
Cauldronborn,2,,,,
Caustic Crawler,4,,,,
Cavalry Scout,1/2,,,,
Cave Cricket,1/4,,,,
Cave Dragon Wyrmling,2,,,,
Cave Drake,3,,,,
Cave Eel,1/4,,,,
Cave Fisher,2,,,,
Cave Fisher,3,,,,
Cave Fisher,3,,,,
Cave Giant,10,,,,
Cave Giant Shaman,14,,,,
Cave Goat,1/4,,,,
Cave Leech,6,,,,
Cavefish Zombie,1/2,,,,
Cavelight Moss,4,,,,
Ceaseless Discharge,14,,,,
Centaur,2,,,,
Centaur Chieftan,5,,,,
Centaur Mummy,6,,,,
Centaur Skeleton,2,,,,
Cerebral Stalker,5,,,,
Chain Devil,8,,,,
Chain Worm,12,,,,
Chained Angel,8,,,,
Chainer Geist,4,,,,
Chamaelean,1/2,,,,
Chamberlain of Zuggtmoy,2,,,,
Chameleon Hydra,10,,,,
Champion,9,,,,
Champion,9,,,,
Champion of Ravens,21,,,,
Chamrosh,1,,,,
Changeling,1/2,,,,
Chaos Knight,4,,,,
Chaos Quadrapod,4,,,,
Chaos-Spawn Goblin,1/2,,,,
Chardalyn Berserker,4,,,,
Chardalyn Dragon,11,,,,
Charnel Whisperer,5,,,,
Chasme,6,,,,
Chatterlome,7,,,,
Chelicerae,7,,,,
"Chemosh, Demon Lord of Conquest",19,,,,
Chernomoi,1,,,,
Cherufe,14,,,,
Child of the Briar,1,,,,
Child of Yggdrasil,6,,,,
Chill Haunt,3,,,,
Chimera,6,,,,
Chimeric Phantom,2,,,,
Chitine,1/2,,,,
"Chittr'k'k, Demon Lord of Rats",13,,,,
Choker,1,,,,
Choker,1,,,,
Choldrith,3,,,,
Choldrith,3,,,,
Chort,12,,,,
Chromatic Greatwyrm,27,,,,
Chronalmental,8,,,,
Chronomatic Enhancer,12,,,,
Chuhaister,7,,,,
Chupacabra,1/2,,,,
Chupacabra,1,,,,
Chupacabra,3,,,,
Church Grim,1,,,,
Churr,4,,,,
Chuul,4,,,,
Chuul Spore Servant,4,,,,
Chwinga,0,,,,
Cikavak,1/8,,,,
Cimota,2,,,,
Cimota Guardian,4,,,,
Cinderslag Elemental,5,,,,
Cipactli,5,,,,
City Watch Captain,4,,,,
Clacking Skeleton,2,,,,
Clamor,2,,,,
Clapperclaw the Scarecrow,1/2,,,,
Clasp Cutthroat,3,,,,
Clasp Enforcer,5,,,,
Claw of Sha'argon,11,,,,
Clawfoot,1,,,,
Clay Golem,9,,,,
Cleric of the Brew,5,,,,
Cloaker,8,,,,
Clockwork Abomination,5,,,,
Clockwork Archon,13,,,,
Clockwork Assassin,6,,,,
Clockwork Beetle,1/2,,,,
Clockwork Beetle Swarm,3,,,,
Clockwork Bronze Scout,1,,,,
Clockwork Dragon,1,,,,
Clockwork Dragon,14,,,,
Clockwork Hound,2,,,,
Clockwork Huntsman,3,,,,
Clockwork Iron Cobra,4,,,,
Clockwork Kraken,10,,,,
Clockwork Leech,1,,,,
Clockwork Mantis,6,,,,
Clockwork Myrmidon,6,,,,
Clockwork Oaken Bolter,5,,,,
Clockwork Pest,1/4,,,,
Clockwork Servant,1/8,,,,
Clockwork Soldier,1,,,,
Clockwork Stone Defender,4,,,,
Clockwork Tiger,6,,,,
Clockwork Watchman,1/2,,,,
Clockwork Weaving Spider,1,,,,
Cloud Giant,9,,,,
Cloud Giant Ghost,9,,,,
Cloud Giant Smiling One,11,,,,
Cloud Giant Smiling One,11,,,,
Clurichaun,1/4,,,,
Cobalt Golem,18,,,,
Cobbleswarm,2,,,,
Cobra Flower,2,,,,
Cockatrice,1/2,,,,
Coffer Corpse,2,,,,
Cogwork Archivist,4,,,,
Cold Snap Spirit,5,,,,
Coldlight Walker,5,,,,
Collais,10,,,,
Colossus of Akros,23,,,,
Colour out of Space,8,,,,
Commander of Horn and Gold,15,,,,
Commoner,0,,,,
Compsognathus,1/8,,,,
Conclave Dryad,9,,,,
Conjoined Queen,10,,,,
Conjurer,6,,,,
Conjurer Wizard,6,,,,
Conquest,20,,,,
Constrictor Snake,1/4,,,,
Constructed Commoner,0,,,,
Control Drone,11,,,,
Cooshee,1,,,,
Copper Dragon Wyrmling,1,,,,
Coral Drake,7,,,,
Core Spawn Crawler,1,,,,
Core Spawn Emissary,6,,,,
Core Spawn Seer,13,,,,
Core Spawn Worm,15,,,,
Cornelius Watson,12,,,,
Corpse Flower,8,,,,
Corpse Flower,8,,,,
Corpse Mound,11,,,,
Corpse Rook,4,,,,
Corpse Thief,1/2,,,,
Corpse Worm,3,,,,
Corpsespinner,5,,,,
Corpsespun,1,,,,
Corrupted Avatar of Lurue,8,,,,
Corrupted Ogre Chieftain,6,,,,
Corrupted Pixie,1/2,,,,
Corrupting Ooze,5,,,,
Corruptor,5,,,,
Couatl,4,,,,
Counterflux Blastseeker,2,,,,
Coven Horror,9,,,,
Cow,1/4,,,,
Crab,0,,,,
Crab Folk,3,,,,
Crabman,1,,,,
Crag Cat,1,,,,
Cranium Rat,0,,,,
Cranium Rat,0,,,,
Crater Drake,11,,,,
Crawling Claw,0,,,,
Creepy Doll,2,,,,
Crimson Basilisk,3,,,,
Crimson Drake,1,,,,
Crimson Mist,6,,,,
Crimson Mist,7,,,,
Crimson Shambler,1/2,,,,
Crinaea,2,,,,
Criosphinx,13,,,,
Crockek'toeck,14,,,,
Crocodile,1/2,,,,
Crocotta,3,,,,
Crowlock,1/2,,,,
Cruorbat,1/2,,,,
Cruorgheist,5,,,,
Cruorhulk,12,,,,
Crushing Wave Priest,2,,,,
Crushing Wave Reaver,1/2,,,,
Cryoceros,6,,,,
Cryonax,22,,,,
Crypt Lurker,3,,,,
Crypt Spider,2,,,,
Crypt Thing,3,,,,
Crystal Dragon Wyrmling,2,,,,
Crystal Elemental,3,,,,
Crystalline Devil,6,,,,
Crystalline Dragon,18,,,,
Crystalline Monolith,7,,,,
Crystalline Sliver,4,,,,
Cthurkey,3,,,,
Cueyatl,1/2,,,,
Cueyatl Moon Priest,5,,,,
Cueyatl Sea Priest,1,,,,
Cueyatl Warrior,1,,,,
Culicoid,12,,,,
Cult Fanatic,2,,,,
Cult Killer,4,,,,
Cult Mastermind,12,,,,
Cultist,1/8,,,,
Curse of Strahdmotronic Blastseeker,4,,,,
Cursed oak,7,,,,
Cyclops,6,,,,
Cyclops Stormcaller,10,,,,
Daemogoth,10,,,,
Daemogoth Titant,16,,,,
Dagon,20,,,,
Dagryn,4,,,,
Dancing Foliage,4,,,,
Dao,11,,,,
Darakhul,3,,,,
Darakhul Captain,9,,,,
Darakhul High Priestess,9,,,,
Darakhul Shadowmancer,4,,,,
Darakhul Spy,5,,,,
Darien,9,,,,
Dark Creeper,1/4,,,,
Dark Eye,3,,,,
Dark Father,4,,,,
Dark Servant,1,,,,
Dark Stalker,2,,,,
Dark Tide Knight,3,,,,
Dark Triton,1,,,,
Dark Voice,5,,,,
Darkling,1/2,,,,
Darkling,1/2,,,,
Darkling Elder,2,,,,
Darkling Elder,2,,,,
Darkmantle,1/2,,,,
Darkwraith,8,,,,
Darnoc,2,,,,
Dau,4,,,,
Daughter of Sub-Niggurath,19,,,,
Davil Starson,6,,,,
De Ogen,4,,,,
Death,20,,,,
Death Barque,12,,,,
Death Butterfly Swarm,4,,,,
"Death Butterfly Swarm, Greater",6,,,,
Death Dog,1,,,,
Death Kiss,10,,,,
Death Kiss,10,,,,
Death Knight,17,,,,
Death Shroud Golem,5,,,,
Death Slaad,10,,,,
Death Speaker,4,,,,
Death Tyrant,14,,,,
Death Tyrant (in lair),15,,,,
Death Vulture,4,,,,
Death Widow,3,,,,
Death Worm,3,,,,
Death's Head,1/2,,,,
Death's Head of Bhaal,5,,,,
Deathcap Myconid,4,,,,
Deathcrest Ape,3,,,,
Deathless Wizard,8,,,,
Deathlock,4,,,,
Deathlock,4,,,,
Deathlock Mastermind,8,,,,
Deathlock Mastermind,8,,,,
Deathlock Wight,3,,,,
Deathlock Wight,3,,,,
Deathpact Angel,14,,,,
Deathsworn,6,,,,
Deathweaver,5,,,,
Deathwisp,7,,,,
Decapus,2,,,,
Decapus,4,,,,
Deep Crow,9,,,,
Deep Dragon Wyrmling,1,,,,
Deep Drake,9,,,,
Deep Hunter Sea Serpent,14,,,,
Deep One,6,,,,
Deep One,1,,,,
Deep One,2,,,,
Deep One Archimandrite,8,,,,
Deep One Bishop,11,,,,
Deep One Hybrid Cultist,1/8,,,,
Deep One Hybrid Priest,4,,,,
Deep One Scion Priest of Cthulhu,5,,,,
Deep Rothe,1/4,,,,
Deep Scion,3,,,,
Deep Scion,3,,,,
Deep Spider,7,,,,
Deep Troll,5,,,,
Deep Troll,4,,,,
Deer,0,,,,
Degenerate Titan,8,,,,
Degmadu,28,,,,
Deinonychus,1,,,,
Demilich,18,,,,
Demilich (in lair),20,,,,
"Demodand, Farastu",7,,,,
"Demodand, Kelubar",11,,,,
"Demodand, Shator",15,,,,
Demogorgon,26,,,,
Demogorgon,26,,,,
"Demon Lord of Apes, Mechuiti",27,,,,
Demon Lord of Bats and Fire Camazotz,22,,,,
Demon Lord of Cockroaches Akyishigal,12,,,,
Demon Lord of Night Alquam,21,,,,
Demon Lord of the Devouring Worm Qorgeth,23,,,,
Demonfeed Spider,8,,,,
Demonfeed Spiderling,1,,,,
Demonic Knight,5,,,,
Demos Magen,2,,,,
Denizen of Leng,5,,,,
Derendian Moth Abomination,12,,,,
Derro,1/4,,,,
Derro,1/4,,,,
Derro Explorer,2,,,,
Derro Fetal Savant,4,,,,
Derro Guard,1/2,,,,
Derro Savant,3,,,,
Derro Savant,3,,,,
Derro Servant,3,,,,
Derro Shadow Antipaladin,5,,,,
Derro Shadowseeker,6,,,,
Desert Giant,9,,,,
Desert Troll,6,,,,
Despair,15,,,,
Deva,10,,,,
Devil Bough,6,,,,
Devil Shark,13,,,,
Devilbound Gnomish Prince,9,,,,
Devkarin Lich,14,,,,
Devourer,13,,,,
Dhampir,1,,,,
Dhampir Commander,7,,,,
Dhergoloth,7,,,,
Dhergoloth,7,,,,
Dhole Adult,25,,,,
Dhole Hatchling,16,,,,
Dimenshional Shambler,9,,,,
Dimensional Shambler,10,,,,
Dimetrodon,1/4,,,,
Diminution Drake,5,,,,
Dipsa,1/4,,,,
Dire Anglerfish,5,,,,
Dire Corby,1/2,,,,
Dire Corby,1/2,,,,
Dire Troll,13,,,,
Dire Wolf,1,,,,
Dirt-Under-Nails,7,,,,
Displacer Beast,3,,,,
Displacer Beast Kitten,1/8,,,,
Dissimortuum,7,,,,
Diviner,8,,,,
Diviner Wizard,8,,,,
Djinni,11,,,,
Dogmole,1,,,,
Dogmole Juggernaut,5,,,,
Dolgaunt,3,,,,
Dolgrim,1/2,,,,
Dolphin,1/8,,,,
Dolphin Delighter,3,,,,
Domovoi,4,,,,
Donaar Blit'zen,3,,,,
Doom Golem,10,,,,
Doombat,3,,,,
Doomspeaker,6,,,,
Doomwake Giant,11,,,,
Doppelganger,3,,,,
Doppelrat,2,,,,
Dorreq,4,,,,
Doty X,6,,,,
Dracoform Eremite Symbiont,12,,,,
Dracoform-Bound Eremite,19,,,,
Dracohydra,11,,,,
Draconian Dreadnought,4,,,,
Draconian Footsoldier,1/2,,,,
Draconian Infiltrator,3,,,,
Draconian Mage,2,,,,
Draconian Mastermind,6,,,,
Draconic Amalgam,12,,,,
Draconic Shard,17,,,,
Dracotaur,6,,,,
Draegloth,4,,,,
Draegloth,7,,,,
Draegloth,7,,,,
Draft Horse,1/4,,,,
Dragon Blessed,5,,,,
Dragon Chosen,3,,,,
Dragon Eel,12,,,,
Dragon Speaker,2,,,,
Dragon Tortoise,17,,,,
Dragon Turtle,17,,,,
Dragon Turtle Wyrmling,4,,,,
Dragonbait,5,,,,
Dragonblood Ooze,5,,,,
Dragonbone Golem,11,,,,
Dragonborn of Bahamut,8,,,,
Dragonborn of Sardior,6,,,,
Dragonborn of Tiamat,7,,,,
Dragonclaw,1,,,,
Dragonfang,5,,,,
Dragonflesh Abomination,6,,,,
Dragonflesh Golem,10,,,,
Dragonflesh Grafter,3,,,,
Dragonleaf Tree,8,,,,
Dragonnel,2,,,,
Dragonslayer Ornstein,17,,,,
Dragonsoul,7,,,,
Dragonwing,2,,,,
Drakon,5,,,,
Dralmorrer Borngray,3,,,,
Drannin Splithelm,7,,,,
Dread Doppelganger,5,,,,
Dread Walker Excavator,5,,,,
Dread Warrior,1,,,,
Dream Eater,10,,,,
Dream Eater,5,,,,
Dream Squire,2,,,,
Dream Wraith,5,,,,
Dreamlands Cat,0,,,,
"Dreamlands Cat, Saturnian",1/8,,,,
"Dreamlands Cat, Uranian",1/8,,,,
Dretch,1/4,,,,
Drider,6,,,,
Droki,2,,,,
Droth,12,,,,
Drow,1/4,,,,
Drow Arachnomancer,13,,,,
Drow Arachnomancer,13,,,,
Drow Elite Warrior,5,,,,
Drow Favored Consort,18,,,,
Drow Favored Consort,18,,,,
Drow Gunslinger,4,,,,
Drow House Captain,9,,,,
Drow House Captain,9,,,,
Drow Inquisitor,14,,,,
Drow Inquisitor,14,,,,
Drow Mage,7,,,,
Drow Matron Mother,20,,,,
Drow Matron Mother,20,,,,
Drow Mech,11,,,,
Drow Priestess of Lolth,8,,,,
Drow Shadowblade,11,,,,
Drow Shadowblade,11,,,,
Drow Spore Servant,1/8,,,,
Drowned Ascetic,3,,,,
Drowned Assassin,4,,,,
Drowned Blade,2,,,,
Drowned Maiden,5,,,,
Drowned Master,9,,,,
Druid,2,,,,
Druid of the Old Ways,7,,,,
Dryad,1,,,,
Du'ulora Quori,11,,,,
Dualist Shadow Fey Elves,6,,,,
Duergar,1,,,,
Duergar Darkhaft,2,,,,
Duergar Despot,12,,,,
Duergar Despot,12,,,,
Duergar Hammerer,2,,,,
Duergar Hammerer,2,,,,
Duergar Kavalrachni,2,,,,
Duergar Keeper Of The Flame,2,,,,
Duergar Mind Master,2,,,,
Duergar Screamer,3,,,,
Duergar Screamer,3,,,,
Duergar Soulblade,1,,,,
Duergar Soulblade,1,,,,
Duergar Spore Servant,1/2,,,,
Duergar Spy,2,,,,
Duergar Stone Guard,2,,,,
Duergar Stone Guard,2,,,,
Duergar Warlord,6,,,,
Duergar Warlord,6,,,,
Duergar Xarrorn,2,,,,
Duergar Xarrorn,2,,,,
Dullahan,11,,,,
Dullahan,10,,,,
Dune Mimic,8,,,,
Duodrone,1/4,,,,
Durnan,9,,,,
Dusk Hag,6,,,,
Duskdale Wurm,6,,,,
Duskdale Wurm,16,,,,
Duskthorn Dryad,3,,,,
Dust Digger,3,,,,
Dust Goblin,1/4,,,,
Dust Goblin Cheiftan,3,,,,
Dust Mephit,1/2,,,,
Dvarapala,5,,,,
Dwarven Ringmage,7,,,,
Dwarven Worker,1/8,,,,
Dybbuk,4,,,,
Dybbuk,4,,,,
Dyrrn,24,,,,
Dzaan's Simulacrum,1,,,,
Eagle,0,,,,
Eala,2,,,,
Earth Elemental,5,,,,
Earth Elemental Myrmidon,7,,,,
Earth Elemental Myrmidon,7,,,,
Eater of Dust,9,,,,
Eater of Hope,6,,,,
Eblis,1/2,,,,
Eblis,1,,,,
Echo,6,,,,
Ecstatic Bloom,11,,,,
Ectoplasm,2,,,,
Edimmu,4,,,,
Edjet,3,,,,
Edjet Initiate,1/4,,,,
Edwin Odesseiron,15,,,,
Eel Hound,2,,,,
Efreeti,11,,,,
Egg Hunter Adult,5,,,,
Egg Hunter Hatchling,2,,,,
Egret Harpy,2,,,,
Eidolon,12,,,,
Einherjar,7,,,,
Elder Brain,14,,,,
Elder Brain,14,,,,
Elder Brain Dragon,22,,,,
Elder Ghost Boar,6,,,,
Elder Oblex,10,,,,
Elder Oblex,10,,,,
Elder Shadow Drake,7,,,,
Elder Tempest,23,,,,
Elder Thing,9,,,,
Eldrazi Scion,1,,,,
Eldritch Ooze,5,,,,
Eleinomae,5,,,,
Elemental Locus,17,,,,
Elementalist,2,,,,
Elephant,4,,,,
Elfmarked Human,1/2,,,,
Elise,5,,,,
Elite Kobold,1,,,,
Elizar Dryflagon,5,,,,
Elk,1/4,,,,
Elkhorn,2,,,,
Elophar,4,,,,
Elusa Hound,1,,,,
Elvish Veteran Archer,3,,,,
Ember Roc,14,,,,
Emerald Dragon Wyrmling,2,,,,
Emerald Eye,1,,,,
Emerald Order Cult Leader,8,,,,
Emperor Ghoul,20,,,,
Emperor's Hyena,4,,,,
Empty Cloak,1/2,,,,
Empusa,5,,,,
Empyrean,23,,,,
"Emrakul, The Aeons Torn",30,,,,
Encephalon Gorger,4,,,,
Enchanter,7,,,,
Enchanter,5,,,,
Enchanter Wizard,5,,,,
Enchantress Shadow Fey Elves,7,,,,
Endelyn Moongrave,6,,,,
Enhanced Medusa,6,,,,
Envoker,9,,,,
Eo Ashmajiir,11,,,,
Eonic Drifter,1,,,,
Eonic Savant,7,,,,
Eremite,13,,,,
Eremite Symbiont,7,,,,
Erina Defender,1,,,,
Erina Scrounger,1/4,,,,
Erinyes,12,,,,
"Etali, Primal Storm",30,,,,
Eternal Flame Guardian,2,,,,
Eternal Flame Priest,3,,,,
Ettercap,2,,,,
Ettin,4,,,,
Evil Doll,2,,,,
Evil Mage,1,,,,
Evoker,9,,,,
Evoker Wizard,9,,,,
Execrable Shrub,1/2,,,,
Executioner Smough,16,,,,
Expeditious Messenger,1/8,,,,
Exploding Toad,1/4,,,,
Eye Golem,11,,,,
Eye of Fear and Flame,9,,,,
Eye of the Gods,1,,,,
Eye of the Watcher,18,,,,
Eyedrake,8,,,,
Ezmerelda d'Avenir,8,,,,
Fabricator,10,,,,
Faceless Wanderer,4,,,,
Faerl,1/8,,,,
Faldorn the Heirophant,13,,,,
Fallen Angel,10,,,,
Falsifier Fog,4,,,,
Famine,20,,,,
Fane Spirit,3,,,,
Fang of the Great Wolf,3,,,,
Fanged Sea Serpent,5,,,,
Far Darrig,3,,,,
Far Dorocha,5,,,,
Far Wanderer,3,,,,
Fastieth,1/4,,,,
Fate Eater,6,,,,
Father Dagon,24,,,,
Father Dagon,17,,,,
Fathomer,2,,,,
Favored One of Nyarlathotep,2,,,,
Fear,15,,,,
Fear Guard,3,,,,
Fear Liath,2,,,,
Fear Smith (Fiarsídhe),10,,,,
Feathergale Knight,1,,,,
Felid Dragon,19,,,,
Felidar,5,,,,
Felidar,5,,,,
Fellforged,5,,,,
Female Steeder,1,,,,
Fen Witch,2,,,,
Fennec Fox,1/8,,,,
Feral Undead Cat,1/8,,,,
Fern Lizard,1/2,,,,
Fetch,1,,,,
Fext,6,,,,
Fey Drake,6,,,,
Fey Lord of the Hunt,18,,,,
"Fey Lord, Bear King",12,,,,
"Fey Lord, Moonlit King",17,,,,
"Fey Lord, River King",16,,,,
Fey Queen of Night and Magic,21,,,,
Fey Queen of Witches,17,,,,
Fey Revenant,7,,,,
Fey Snow Queen,16,,,,
Feyote,1/4,,,,
Feyward Tree,8,,,,
Fhenimore (Kraken Priest Variant),5,,,,
Fidele Angel,5,,,,
Fiendish Flesh Golem,8,,,,
Fierstjerren,5,,,,
Fire Dancer Swarm,7,,,,
Fire Drake,1,,,,
Fire Elemental,5,,,,
Fire Elemental Myrmidon,7,,,,
Fire Elemental Myrmidon,7,,,,
Fire Giant,9,,,,
Fire Giant Dreadnought,14,,,,
Fire Giant Dreadnought,14,,,,
Fire Imp,1/2,,,,
Fire Snake,1,,,,
Fire Vampire,7,,,,
Fire-Infused Water Elemental,7,,,,
Firebird,4,,,,
Firefist,7,,,,
Firegeist,2,,,,
Firemane Angel,12,,,,
Firenewt Giant Strider,1,,,,
Firenewt Warlock of Imix,1,,,,
Firenewt Warlock of Imix,1,,,,
Firenewt Warrior,1/2,,,,
Firenewt Warrior,1/2,,,,
First-Year Student,1/2,,,,
First-Year Student,1/2,,,,
Fist of Bane,1/2,,,,
Five Spire Initiate,3,,,,
Flab Giant,4,,,,
Flabbergast,4,,,,
Flagstone Golem,7,,,,
Flail Snail,3,,,,
Flail Snail,3,,,,
Flail Snail,3,,,,
Flame Dragon Wyrmling,3,,,,
Flame Eater Swarm,2,,,,
Flame-Scourged Scion,9,,,,
Flameskull,4,,,,
Flamewrath,6,,,,
Flaming Skeleton,1/2,,,,
Flayed Wraith,5,,,,
Fleecemane Lion,3,,,,
Flesh Golem,5,,,,
Flesh Reaver,1/2,,,,
Fleshdreg,5,,,,
Fleshfiend,9,,,,
Fleshling,1/2,,,,
Fleshling Bloodletter,2,,,,
Fleshpod Hornet,6,,,,
Fleshspurned,4,,,,
Fleshwurm,6,,,,
Flimp Shagglecran,9,,,,
Flind,9,,,,
Flind,9,,,,
Flithidir,1,,,,
Flitterstep Eidolon,3,,,,
Flowershroud,1,,,,
Flumph,1/8,,,,
Flutterflesh,12,,,,
Flux Blastseeker,5,,,,
Fluxcharger,7,,,,
Flying Ape,2,,,,
Flying Horror,3,,,,
Flying Monkey,0,,,,
Flying Polyp,11,,,,
Flying Polyp Body,10,,,,
Flying Rocking Horse,1/8,,,,
Flying Snake,1/8,,,,
Flying Sword,1/4,,,,
Fog Giant,11,,,,
Folk of Leng,2,,,,
Fomorian,8,,,,
Foo Dog,2,,,,
Forest Drake,2,,,,
Forest Emperor,15,,,,
Forest Falcon,1/4,,,,
Forest Hunter Shadow Fey Elves,5,,,,
Forest Marauder,4,,,,
Forester's Bane,5,,,,
Forge Guardian,27,,,,
Forlarren,3,,,,
Formless Spawn,6,,,,
Four-Armed Gargoyle,4,,,,
Fox,0,,,,
Foxfire Ooze,10,,,,
Foxin,1/2,,,,
Foxwere,1/2,,,,
Fractal Golem,8,,,,
Fractal Mascot,1/4,,,,
Fragrant one,3,,,,
Fragrite,6,,,,
Fraughashar,1/2,,,,
Fraz-Urb'luu,23,,,,
Fraz-Urb'luu,23,,,,
Frilled Deathspitter,1/2,,,,
Frog,0,,,,
Froghemoth,11,,,,
Froghemoth,10,,,,
Froghemoth,10,,,,
Froghoul,2,,,,
Frontline Medic,1/4,,,,
Frost Druid,5,,,,
Frost Giant,8,,,,
Frost Giant Everlasting One,12,,,,
Frost Giant Jarl,11,,,,
Frost Giant Skeleton,6,,,,
Frost Giant Zombie,9,,,,
Frost Mole,3,,,,
Frost Salamander,9,,,,
Frost Worm,17,,,,
Frostveil,4,,,,
Frulam Mondath,2,,,,
Fulad-Zereh,9,,,,
Fulminar,9,,,,
Fungal Servant,15,,,,
Fungoid,2,,,,
Fungus Bat,1/4,,,,
Fungus Gargoyle,3,,,,
Furnace Golem,9,,,,
Fusion Elemental,15,,,,
Future Yithian,12,,,,
Fyr,1/4,,,,
Gaki,8,,,,
Galazeth Prismari,23,,,,
Galeb Duhr,6,,,,
Galidroo,12,,,,
Gallows Speaker,6,,,,
Gallows Tree,13,,,,
Gallows Tree Zombie,2,,,,
Galvan Magen,3,,,,
Galvanic Blastseeker,5,,,,
Galvanice Weird,1,,,,
Gar Shatterkeel,9,,,,
Gar Shatterkeel (with Lair Actions),13,,,,
Gargoctopus,5,,,,
Gargoyle,2,,,,
Garlicle,1,,,,
Garret Levistusson,2,,,,
Garroter Crab,1/4,,,,
Gas Spore,1/2,,,,
Gaunt One,3,,,,
Gauth,6,,,,
Gazellean,1/2,,,,
Gazer,1/2,,,,
Gbahali,6,,,,
Gear Mage,4,,,,
Gearforged Templar,6,,,,
Gearkeeper Construct,10,,,,
Geist,4,,,,
Gelatinous Cube,2,,,,
Gelectrode,6,,,,
Gem Greatwyrm,26,,,,
Gem Stalker,5,,,,
Geonid,1/4,,,,
Gerridae,1,,,,
Geryon,22,,,,
Geryon,22,,,,
Ghald,7,,,,
"Ghalta, Primal Hunger",30,,,,
Ghast,2,,,,
Ghast of Leng,3,,,,
Ghillie Dubh,1,,,,
Ghost,4,,,,
Ghost Ammonite,2,,,,
Ghost Boar,3,,,,
Ghost Dragon,11,,,,
Ghost Dragon,17,,,,
Ghost Dwarf,6,,,,
Ghost Knight,6,,,,
Ghost of Ib,5,,,,
Ghostblade Eidolon,5,,,,
Ghostwalk Spider,9,,,,
Ghoul,1,,,,
Ghoul Bat,1/4,,,,
Ghoulsteed,3,,,,
Ghul,5,,,,
Giant Albino Bat,3,,,,
Giant Ant,2,,,,
Giant Ant Exoskeleton,1/2,,,,
Giant Ant Queen,4,,,,
Giant Ape,7,,,,
Giant Armadillo,1/4,,,,
Giant Badger,1/4,,,,
Giant Bat,1/4,,,,
Giant Beetle Exoskeleton,2,,,,
Giant Boar,2,,,,
Giant Bombardier Beetle,1/4,,,,
Giant Centipede,1/4,,,,
Giant Clam,1/4,,,,
Giant Constrictor Snake,2,,,,
Giant Coral Snake,4,,,,
Giant Crab,1/8,,,,
Giant Crab Exoskeleton,3,,,,
Giant Crayfish,2,,,,
Giant Crocodile,5,,,,
Giant Dragonfly,1/2,,,,
Giant Eagle,1,,,,
Giant Eel,5,,,,
Giant Electric Catfish,3,,,,
Giant Elk,2,,,,
Giant Fire Beetle,0,,,,
Giant Four-Armed Gargoyle,10,,,,
Giant Frilled Lizard,5,,,,
Giant Frog,1/4,,,,
Giant Goat,1/2,,,,
Giant Honey Bee,1/4,,,,
Giant Horsefly,1/2,,,,
Giant Husk,7,,,,
Giant Hyena,1,,,,
Giant Ice Toad,3,,,,
Giant Leech,1/4,,,,
Giant Lightning Eel,3,,,,
Giant Lizard,1/4,,,,
Giant Mongoose,1/4,,,,
Giant Moray Eel,2,,,,
Giant Moth,1/8,,,,
Giant Octopus,1,,,,
Giant Owl,1/4,,,,
Giant Poisonous Snake,1/4,,,,
Giant Rat,1/8,,,,
Giant Rhinoceros Beetle,4,,,,
Giant Rimewing Moth,1/4,,,,
Giant Scorpion,3,,,,
Giant Sea Eel,1/2,,,,
Giant Sea Horse,1/2,,,,
Giant Sea Horse,1/2,,,,
Giant Shark,5,,,,
Giant Shark Bowl,8,,,,
Giant Shockwing Moth,1,,,,
Giant Skeleton,7,,,,
Giant Slicer Beetle,3,,,,
Giant Sloth,7,,,,
Giant Slug of P'nahk,4,,,,
Giant Snail,1/4,,,,
Giant Snow Beetle,1,,,,
Giant Sootwing Moth,1/4,,,,
Giant Spider,1,,,,
Giant Strider,1,,,,
Giant Strider,1,,,,
Giant Subterranean Lizard,4,,,,
Giant Toad,1,,,,
Giant Vampire Bat,2,,,,
Giant Vulture,1,,,,
Giant Walrus,4,,,,
Giant Wasp,1/2,,,,
Giant Water Beetle,1/2,,,,
Giant Water Scorpion,4,,,,
Giant Weasel,1/8,,,,
Giant Wolf Spider,1/4,,,,
Giat Snapping Turtle,3,,,,
Gibbering Mouther,2,,,,
Gibberling,1/4,,,,
Giff,3,,,,
Gilded Devil,7,,,,
Gill-man,6,,,,
Gillmonkey,1/4,,,,
Gingwatzim,2,,,,
Ginormous Squirrel,16,,,,
Girallon,4,,,,
Girallon Zombie,3,,,,
"Gishath, Sun's Avatar",10,,,,
Githyanki Anarch,16,,,,
Githyanki Enlightened,10,,,,
Githyanki Gish,10,,,,
Githyanki Gish,10,,,,
Githyanki Kith'rak,12,,,,
Githyanki Kith'rak,12,,,,
Githyanki Knight,8,,,,
Githyanki Supreme Commander,14,,,,
Githyanki Supreme Commander,14,,,,
Githyanki Warrior,3,,,,
Githzerai Anarch,16,,,,
Githzerai Enlightened,10,,,,
Githzerai Monk,2,,,,
Githzerai Zerth,6,,,,
Glabrezu,9,,,,
Glacial Corruptor,1,,,,
Glacial Ooze,1,,,,
Glacier Behemoth,12,,,,
Gladeborn Hunter,5,,,,
Gladeborn Trapper,3,,,,
Gladiator,5,,,,
Glass Gator,1,,,,
Glass Golem,2,,,,
Glasswork Golem,2,,,,
Gloamwing,8,,,,
Gloom Crawler,10,,,,
Gloom Flower,3,,,,
Gloom Weaver,9,,,,
Gloomstalker,6,,,,
Glory,15,,,,
Gnarljak,6,,,,
Gnarlwood,8,,,,
Gnoll,1/2,,,,
Gnoll Deathknight,6,,,,
Gnoll Deathmage,7,,,,
Gnoll Fang of Yeenoghu,4,,,,
Gnoll Flesh Gnawer,1,,,,
Gnoll Flesh Gnawer,1,,,,
Gnoll Havoc Runner,3,,,,
Gnoll Hunter,1/2,,,,
Gnoll Hunter,1/2,,,,
Gnoll Pack Lord,2,,,,
Gnoll Slaver,3,,,,
Gnoll Vampire,8,,,,
Gnoll Witherling,1/4,,,,
Gnoll Witherling,1/4,,,,
Gnome Ceremorph,5,,,,
Gnome Squidling,1/2,,,,
Gnomish Knife Cultist,5,,,,
Gnoph-Keh,11,,,,
Gnorri Hunter,1/2,,,,
Goat,0,,,,
Goat-Knight Steed,1/2,,,,
Goat-Man,3,,,,
Goblin,1/4,,,,
Goblin Alchemist,1/2,,,,
Goblin Boss,1,,,,
Goblin Ritualist,1/2,,,,
Gohl (Hydra Cloud),8,,,,
Gold Dragon Wyrmling,3,,,,
Gold-Forged Sentinel,5,,,,
Golden Cat,0,,,,
Golgari Shaman,5,,,,
Goliath Longlegs,7,,,,
Goliath Warrior,3,,,,
Goliath Werebear,8,,,,
Gorao-Ka,1/8,,,,
Gorbel,1/4,,,,
Goreling,1/4,,,,
Gorgimera,7,,,,
Gorgon,5,,,,
Gorilla Bear,1,,,,
Goristro,17,,,,
Graknork,14,,,,
Grandfather Oak,9,,,,
Grave Behemoth,10,,,,
Grave Sage,11,,,,
Grave Titan,10,,,,
Gravecrawler,1,,,,
Graveslayer,4,,,,
Graveyard Dragon,7,,,,
Gray Nisp,6,,,,
Gray Ooze,1/2,,,,
Gray Orc,1/4,,,,
Gray Render,12,,,,
Gray Render,12,,,,
Gray Slaad,9,,,,
Gray Thirster,2,,,,
Graz'zt,24,,,,
Graz'zt,24,,,,
Great Gray Owl,1/4,,,,
Great Grey Wolf Sif,13,,,,
Greater Basilisk,5,,,,
Greater Boneneedle,1,,,,
Greater Fire Crab,2,,,,
Greater Ghast of Leng,8,,,,
Greater Lunarchidna,4,,,,
Greater Rakshasa,15,,,,
Greater Scrag,7,,,,
Greater Star Spawn Emissary,21,,,,
Greater Zombie,5,,,,
Greed Swarm,1/2,,,,
Green Abishai,15,,,,
Green Abishai,15,,,,
Green Abyss Orc,1/2,,,,
Green Brain,1,,,,
Green Dracolisk,7,,,,
Green Dragon Wyrmling,2,,,,
Green Guardian Gargoyle,1,,,,
Green Hag,3,,,,
Green Knight of the Woods,6,,,,
Green Slaad,8,,,,
Grell,3,,,,
Gremishka,1/8,,,,
Gremlin,1/2,,,,
Grick,2,,,,
Grick Alpha,7,,,,
Griffon,2,,,,
Griffon Cavalry Rider,2,,,,
Grim Jester,11,,,,
Grimlock,1/4,,,,
Grimm,7,,,,
Grimmlet,1,,,,
Grimmlet Swarm,14,,,,
Grindylow,1,,,,
Grippli,1/4,,,,
Grippli Warrior,1/4,,,,
Grisha,2,,,,
Groff,4,,,,
Grog Strongjaw,18,,,,
Grove Bear,1/4,,,,
Grove Guardian,5,,,,
Grue (type 1),4,,,,
Grue (type 2),2,,,,
Grung,1/4,,,,
Grung,1/4,,,,
Grung Elite Warrior,2,,,,
Grung Elite Warrior,2,,,,
Grung Wildling,1,,,,
Grung Wildling,1,,,,
Gruul Goblin,1/2,,,,
Guard,1/8,,,,
Guard Drake,2,,,,
Guard Drake,2,,,,
Guardian Giant,8,,,,
Guardian Naga,10,,,,
Guardian Portrait,1,,,,
Guardian Shadow Fey Elves,4,,,,
Gug,4,,,,
Gug,8,,,,
Gug,12,,,,
Gugalanna,21,,,,
Guiguai,4,,,,
Gulon,6,,,,
Gulper Behemoth,9,,,,
Gulper Eel,3,,,,
Gumienniki,1,,,,
Gunvald Halraggson,5,,,,
Gynosphinx,11,,,,
Gypsosphinx,14,,,,
Hadrosaurus,1/4,,,,
Hag of the Fetid Gaze,5,,,,
Hair Golem,1/4,,,,
Halaster Blackcloak,23,,,,
Haleshi,7,,,,
Half-Black Dragon Warlord,5,,,,
Half-ogre,1,,,,
Half-orc Barbarian,3,,,,
Half-Orc Warpriest,3,,,,
Half-Red Dragon Veteran,5,,,,
Hallowed Reed,1/2,,,,
Hamadryad,2,,,,
Hanged Man,1/2,,,,
Hangman Tree,7,,,,
Hantu Penanggal,8,,,,
Hanu-naga,2,,,,
Harbinger of Wrath,20,,,,
Hare,0,,,,
Harefolk,1/4,,,,
Harengon Brigand,1/8,,,,
Harengon Sniper,1/4,,,,
Harpy,1,,,,
Harpy Matriarch,5,,,,
Hashalaq Quori,9,,,,
Hastur,30,,,,
Haugbui,13,,,,
Haunted Giant,6,,,,
Hawanar Genie,7,,,,
Hawk,0,,,,
Hawkfox,2,,,,
Hawktoad,1/4,,,,
Headless Horseman,8,,,,
Heavy Cavalry,2,,,,
Hebi-Doku,8,,,,
Heggarna,1,,,,
Helashruu,13,,,,
Helix Moth Adult,6,,,,
Helix Moth Larva,2,,,,
Hell Hound,3,,,,
Hellenrae,5,,,,
Hellfire Engine,16,,,,
Hellfire Engine,16,,,,
Hellwasp,5,,,,
Helmed Horror,4,,,,
Herald of Blood,12,,,,
Herald of Darkness,7,,,,
Herald of Fire,12,,,,
Herald of Rot,6,,,,
Herald of Slaughter,11,,,,
Herald of the Great Wyrm,15,,,,
Herald of the Void,11,,,,
Herald of Undeath,11,,,,
Hezrou,8,,,,
Hieroglyphicroc,3,,,,
Hierophant Lich,9,,,,
High Cimota,6,,,,
High Priest of Shub-Niggurath,13,,,,
Hill Giant,5,,,,
Hippocamp,1/2,,,,
Hippocampus,1,,,,
Hippogriff,1,,,,
Hlam,16,,,,
Hoar Fox,1,,,,
Hoard Drake,8,,,,
Hoard Golem,12,,,,
Hoard Mimic,8,,,,
Hoard Scarab,1/8,,,,
Hoarfrost Drake,2,,,,
Hobgoblin,1/2,,,,
Hobgoblin Captain,3,,,,
Hobgoblin Devastator,4,,,,
Hobgoblin Devastator,4,,,,
Hobgoblin Iron Shadow,2,,,,
Hobgoblin Iron Shadow,2,,,,
Hobgoblin Warlord,6,,,,
Hodag,3,,,,
Holler Spider,1/4,,,,
Hollow Dragon,18,,,,
Hollyphant,5,,,,
Homarid,1,,,,
Homunculus,0,,,,
Hongaek,8,,,,
Hooden Horse,6,,,,
Hook Horror,3,,,,
Hook Horror Spore Servant,3,,,,
Horakh,9,,,,
Horizonback Tortoise,8,,,,
Horncaller,1,,,,
Horned Devil,11,,,,
Horned Serpent,12,,,,
Hound of the Night,5,,,,
Hound of Tindalos,8,,,,
Hound of Tindalos,6,,,,
Howler,8,,,,
Howler,8,,,,
Howler Baboon,1/4,,,,
Howling Hatred Initiate,1/8,,,,
Howling Hatred Priest,2,,,,
Hrabbaz,5,,,,
Hraesvelgr the Corpse Swallower,19,,,,
"Hriggala, Jaws of the Unsated God",23,,,,
Huecambra,8,,,,
Huggermugger,1/4,,,,
Huli Jing,9,,,,
Hulking Crab,5,,,,
Hulking Whelp,5,,,,
Hundred-Handed One,15,,,,
Hundun,10,,,,
Hungry Sorrowsworn,11,,,,
Hunter Shark,2,,,,
Hunting Horror,6,,,,
Hunting Horror,14,,,,
Hurricane,2,,,,
Husk,1/2,,,,
Husk Zombie,1,,,,
Hutijin,21,,,,
Hutijin,21,,,,
Hverhuldra,6,,,,
Hyaenodon,1,,,,
Hybrid Brute,2,,,,
Hybrid Flier,2,,,,
Hybrid Poisoner,1,,,,
Hybrid Shocker,1,,,,
Hybrid Spy,1/2,,,,
Hydra,8,,,,
Hydralisk,5,,,,
Hydroloth,9,,,,
Hydroloth,9,,,,
Hyena,0,,,,
Hypnos Magen,1,,,,
Hythonia,17,,,,
Ia’Affrat,15,,,,
Ice Bogie,1/8,,,,
Ice Devil,14,,,,
Ice Drake,1,,,,
Ice Elemental,5,,,,
Ice Golem,8,,,,
Ice Maiden,6,,,,
Ice Mephit,1/2,,,,
Ice Toad,1,,,,
Ice Troll,8,,,,
Ice Troll,6,,,,
Icewind Kobold,1/8,,,,
Icewind Kobold Zombie,1/8,,,,
Ichneumon,11,,,,
Ichor Ooze,2,,,,
Idolic Deity,8,,,,
Iggwilv the Witch Queen,20,,,,
Igniguana,1,,,,
Ijiraq,7,,,,
Ikuchi,8,,,,
"Illhveli, Kembingur",12,,,,
"Illhveli, Nauthveli",16,,,,
Illthid Claw,0,,,,
Illusionist,3,,,,
Illusionist Wizard,3,,,,
Imix,19,,,,
Immature Slime Mold,1/4,,,,
Immortal Lotus Monk,5,,,,
Imoen,8,,,,
Imp,1,,,,
Imp Dragon,2,,,,
Imperial Dragon Wyrmling,3,,,,
Imperial Ghoul,4,,,,
Imy-Ut Ushabti,3,,,,
Incarnate Gloom,13,,,,
Incinis,10,,,,
Incubus,4,,,,
Indentured Spirit,1,,,,
Indominus Rex,24,,,,
Infantryman,1/2,,,,
Infernal Centaur,4,,,,
Infernal Knight,16,,,,
Infernal Swarm,12,,,,
Infestation Swarm,4,,,,
Infestor,3,,,,
Initiate of the Elder Elementals,2,,,,
Ink Devil,2,,,,
Ink Guardian,4,,,,
Inkling,1/4,,,,
Inkling Mascot,1/4,,,,
Inquisitor of the Mind Fire,8,,,,
Inquisitor of the Sword,8,,,,
Inquisitor of the Tome,8,,,,
Inspired,2,,,,
Intellect Devourer,2,,,,
Invisible Stalker,6,,,,
Irid,2,,,,
Iron Cobra,4,,,,
Iron Consul,2,,,,
Iron Defender,1,,,,
Iron Ghoul,5,,,,
Iron Golem,11,,,,
Iron Golem,16,,,,
Iron Sphere,5,,,,
Iron Teeth of Baba Yaga,2,,,,
Ironscale Hydra,12,,,,
Isolde,5,,,,
Isonade,14,,,,
Isperia,21,,,,
Issar Kronenstrom,8,,,,
Istrid Horn,8,,,,
Ixitxachitl,1/4,,,,
Ixitxachitl Cleric,1/4,,,,
Iymrith The Dragon,23,,,,
Izek Strazni,5,,,,
J’ba Fofi,3,,,,
Jaanavar Jal,7,,,,
Jabberwock,13,,,,
Jack of Strings,5,,,,
Jack-in-Irons Giant,7,,,,
Jackal,0,,,,
Jackal of Darkness,1,,,,
Jackalwere,1/2,,,,
Jaculi,1/8,,,,
Jaculi,1/2,,,,
Jaculus,3,,,,
Jade Tigress,8,,,,
Jaheira,13,,,,
Jalester Silvermane,4,,,,
Jamna Gleamsilver,1,,,,
Jarlaxle Baenre,15,,,,
Jarod Vod Savo,22,,,,
Jarund Elkhardt,5,,,,
Jermlaine,1/8,,,,
Jiangshi,6,,,,
Jiangshi,9,,,,
Jim Darkmagic,5,,,,
Jinmenju,9,,,,
Jon Irenicus,22,,,,
Jotun Giant,22,,,,
"Jourrael, the Caedogeist",15,,,,
Juiblex,23,,,,
Juiblex,23,,,,
Junk Shaman,2,,,,
Jupiter Bloodsucker,1,,,,
Juvenile Kraken,14,,,,
K'thriss Drow'b,3,,,,
K'Tulah,2,,,,
Kachlian,8,,,,
Kagain,11,,,,
Kalag,1/2,,,,
Kalaraq Quori,19,,,,
Kalashtar,1/4,,,,
Kalka-Kylla,3,,,,
Kalke,1/4,,,,
Kallikantzaros,2,,,,
Kamadan,3,,,,
Kamadan,4,,,,
Kamaitachi,5,,,,
Kampfult,2,,,,
Kaorti,10,,,,
Kapi,1/2,,,,
Kappa,2,,,,
Kapre,5,,,,
Karakura,5,,,,
Karrnathi Undead Soldier,3,,,,
Kaveph,6,,,,
Kavu Predator,2,,,,
Kech,1/2,,,,
Keelbreaker Crab,9,,,,
Keg Golem,3,,,,
Keg Robot,2,,,,
Kelek,5,,,,
Kelp Drake,3,,,,
Kelp Eel,10,,,,
Kelpie,1,,,,
Kelpie,4,,,,
Kenku,1/4,,,,
Kettlesteam the Kenku,1,,,,
Keyhole Dragonite,1/2,,,,
"Keyleth, Voice of the Tempest",18,,,,
Kezai,4,,,,
Khargra,2,,,,
Khargra,1/8,,,,
Khodumodumo,14,,,,
Ki-Rin,12,,,,
Ki-Rin,12,,,,
Kiddywidget,1/2,,,,
Kikimora,5,,,,
Killer Whale,3,,,,
Killmoulis,0,,,,
King Kobold,6,,,,
King Paúl,7,,,,
Kinnara,3,,,,
Kirikari,9,,,,
Kishi,8,,,,
Kitsune,2,,,,
Kivan,7,,,,
Knight,3,,,,
Knight Ab-errant,5,,,,
Knight of the Road,5,,,,
Knucklehead Trout,0,,,,
Koalinth,1/2,,,,
Koalinth Sergeant,2,,,,
Kobold,1/8,,,,
Kobold Alchemist,2,,,,
Kobold Bully,1/2,,,,
Kobold Bully,1,,,,
Kobold Chieftain,4,,,,
Kobold Dragonshield,1,,,,
Kobold Dragonshield,1,,,,
Kobold Hero,4,,,,
Kobold Inventer,1/4,,,,
Kobold Inventor,1/4,,,,
Kobold Scale Sorcerer,1,,,,
Kobold Scale Sorcerer,1,,,,
Kobold Scale Sorcerer,1,,,,
Kobold Shaman,2,,,,
Kobold Soldier,1/4,,,,
Kobold Spellclerk,1/2,,,,
Kobold Trapsmith,1,,,,
Kobold Vampire Spawn,3,,,,
Kobold War Machine,9,,,,
"Kokabel, Angel of the Stars",23,,,,
Kongamato,5,,,,
Koralk (Harvester Devil),11,,,,
Korred,1,,,,
Korred,7,,,,
Korred,7,,,,
Korrigan,3,,,,
Koschei,17,,,,
Kot Bayun,2,,,,
"Kozilek, the Butcher of Truth",30,,,,
Kraghammer Goat-Knight,3,,,,
Krake Spawn,9,,,,
Kraken,23,,,,
Kraken,13,,,,
Kraken Hatchling,12,,,,
Kraken Priest,5,,,,
Kraken Priest,5,,,,
Krampus,17,,,,
Kraul Death Priest,4,,,,
Kraul Warrior,1/2,,,,
Kruthik Hive Lord,5,,,,
Kryt,5,,,,
Kulmking,9,,,,
Kuo-toa,1/4,,,,
Kuo-toa Archpriest,6,,,,
Kuo-toa Whip,1,,,,
Kurok-Spirit,1,,,,
Kuunganisha,2,,,,
Kysh,1,,,,
Labyrinth Keeper,5,,,,
Lady Illmarrow,22,,,,
Lady in White,2,,,,
Laeral Silverhand,17,,,,
Laestrigonian Giant,4,,,,
Lake Troll,7,,,,
Lamassu,10,,,,
Lambent Witchfyre,7,,,,
Lamia,4,,,,
Lampad,3,,,,
Land Lamprey,1/4,,,,
Langdedrosa Cyanwrath,4,,,,
Lantern Beetle,0,,,,
Lantern Dragonette,1/2,,,,
Larval Starspawn,12,,,,
Latrian Flayer,7,,,,
Lava Child,1,,,,
Lava Child,3,,,,
Lava Keeper,18,,,,
Lava Weird,4,,,,
Lawmage,6,,,,
Lazav,17,,,,
Lazivik,3,,,,
Leech Swarm,2,,,,
Lemure,0,,,,
Lemurfolk,1/4,,,,
Lemurfolk Greyfur,4,,,,
Leng Folk Thief,1/4,,,,
Leng Necromancer,6,,,,
Leng Spider,6,,,,
Leng Spider,6,,,,
Leonin,1/4,,,,
Leonin Iconoclast,5,,,,
Leonino,1/8,,,,
Leshen,10,,,,
Leshy,1,,,,
Lesser Air Elemental,2,,,,
Lesser Ash Elemental,2,,,,
Lesser Boneneedle,1/4,,,,
Lesser Death Dog,1/2,,,,
Lesser Dust Elemental,2,,,,
Lesser Earth Elemental,2,,,,
Lesser Fire Crab,1/8,,,,
Lesser Fire Elemental,2,,,,
Lesser Ice Elemental,2,,,,
Lesser Lightning Elemental,2,,,,
Lesser Lunarchidna,2,,,,
Lesser Magma Elemental,2,,,,
Lesser Metal Elemental,2,,,,
Lesser Mineral Elemental,2,,,,
Lesser Mud Elemental,2,,,,
Lesser Negativ Energy Elemental,2,,,,
Lesser Positiv Energy Elemental,2,,,,
Lesser Radiance Elemental,2,,,,
Lesser Salt Elemental,2,,,,
Lesser Scrag,2,,,,
Lesser Shadow,1/8,,,,
Lesser Smoke Elemental,2,,,,
Lesser Star Spawn Emissary,19,,,,
Lesser Steam Elemental,2,,,,
Lesser Void Elemental,2,,,,
Lesser Water Elemental,2,,,,
Lesser Wood Elemental,2,,,,
Leucrotta,3,,,,
Leucrotta,3,,,,
"Leucrotta, Adult",2,,,,
"Leucrotta, Young",1/4,,,,
Leviathan,20,,,,
Leviathan,20,,,,
"Leviathan, Maw of the Seas",30,,,,
Liara Portyr,4,,,,
Library Automaton,1/2,,,,
Lich,21,,,,
Lich (in lair),22,,,,
Lich Hound,4,,,,
Lichen Lich,18,,,,
Light Cavalry,1,,,,
Light Dragon Wyrmling,2,,,,
Light Drake,1/2,,,,
Lightning Golem,5,,,,
Lightning Treant,6,,,,
Likho,6,,,,
Liminal Drake,14,,,,
Lindwurm,5,,,,
Lion,1,,,,
Liondrake,7,,,,
Lionwere,2,,,,
Liosalfar,8,,,,
Lithonnite,4,,,,
Living Bigby's Hand,4,,,,
Living Blade of Disaster,8,,,,
Living Burning Hands,1,,,,
Living Cloudkill,7,,,,
Living Demiplane,0,,,,
Living Doll,2,,,,
Living Inseen Servant,0,,,,
Living Iron Statue,5,,,,
Living Lightning Bolt,5,,,,
Living Shade,1/4,,,,
Living Spellbook,10,,,,
Living Star,19,,,,
Living Wick,1/4,,,,
Lizard,0,,,,
Lizard King/Queen,4,,,,
Lizardfolk,1/2,,,,
Lizardfolk Commoner,1/4,,,,
Lizardfolk Monk,2,,,,
Lizardfolk Render,3,,,,
Lizardfolk Scaleshield,1,,,,
Lizardfolk Shaman,2,,,,
Lizardfolk Subchief,3,,,,
Locathah,1/2,,,,
Locathah Hunter,2,,,,
Locksmith,8,,,,
Lonely Sorrowsworn,9,,,,
Lord of Vultures,12,,,,
Lord Zombie,5,,,,
Lorehold Apprentice,2,,,,
Lorehold Apprentice,2,,,,
Lorehold Pledgemage,4,,,,
Lorehold Pledgemage,4,,,,
Lorehold Professor of Chaos,7,,,,
Lorehold Professor of Chaos,7,,,,
Lorehold Professor of Order,7,,,,
Lorehold Professor of Order,7,,,,
Lorelei,5,,,,
Lost Minotaur,8,,,,
Lost Sorrowsworn,7,,,,
Lost Soul,5,,,,
Lothar,9,,,,
Lotus Golem,9,,,,
Lou Carcolh,2,,,,
Loup Garou,13,,,,
Loxoda,6,,,,
Luck Dragon,1/4,,,,
Luck Leech,10,,,,
Lunar Devil,8,,,,
Lunarian,5,,,,
Lurker,5,,,,
Lymarien,1/8,,,,
Lymarien Swarm,5,,,,
Lynx Creatlach,5,,,,
Lystrosaurus,2,,,,
Mad Piper,2,,,,
Madam Eva,10,,,,
Maegera The Dawn Titan,23,,,,
Mage,6,,,,
Mage Hunter,5,,,,
Mage Hunter Golem,15,,,,
Magewright,0,,,,
Magma Bear,3,,,,
Magma Landshark,14,,,,
Magma Mephit,1/2,,,,
Magma Octopus,8,,,,
Magma Ooze,5,,,,
Magmin,1/2,,,,
Magmoid,4,,,,
Magnetic Elemental,6,,,,
Mahoru,3,,,,
Major Malleable,10,,,,
Malakbel,9,,,,
Male Steeder,1/4,,,,
Malformed Kraken,10,,,,
Mallqui,8,,,,
Malphas,6,,,,
Mammon,25,,,,
Mammoth,6,,,,
Mamura,6,,,,
Manabane Scarab Swarm,4,,,,
Manastorm Golem,8,,,,
Mandragora,1/8,,,,
Mandrake,1/2,,,,
"Mandrake, Great",1,,,,
Mandriano,5,,,,
Mandrill,1/8,,,,
Manes,1/8,,,,
Manggus,5,,,,
Mangrove Treant,7,,,,
Manshoon,13,,,,
Mantari,1/8,,,,
Manticore,3,,,,
"Manticore, Heart-Piercer",5,,,,
Mantik,9,,,,
Mantik's Barbed,1,,,,
Mantrap,1,,,,
Margoyle,5,,,,
Mari Lwyd,4,,,,
Marid,11,,,,
Marilith,16,,,,
Marlos Urnrayle,8,,,,
Marlos Urnrayle (with Lair Actions),12,,,,
Marsh Dire,8,,,,
Martial Arts Adept,3,,,,
Martial Arts Adept,3,,,,
Marut,25,,,,
Marut,25,,,,
Mary Greymalkin,2,,,,
Mask Wight,13,,,,
Masked Killer,5,,,,
Masked Okkator,6,,,,
Massive Malleable,16,,,,
Master Adranach,21,,,,
Master Ferrius Ironback,20,,,,
Master of Cruelties,9,,,,
Master of Demon Mountain,17,,,,
Master of Souls,4,,,,
Master of the Five Spires,8,,,,
Master Sage,5,,,,
Master Thief,5,,,,
Master Thief,5,,,,
Mastiff,1/8,,,,
Mastodon,4,,,,
Matriarch Serpentine Lamia,5,,,,
Mature Dark Young,15,,,,
Maurezhi,7,,,,
Mavka,12,,,,
Maw Demon,1,,,,
Maw Demon,1,,,,
Maw of Sekolah,7,,,,
Mbielu,3,,,,
Mead Archon,4,,,,
Meazel,1,,,,
Medusa,6,,,,
Meenlock,2,,,,
Megaloceros,4,,,,
Megapede,3,,,,
Mei Jiao Shou,7,,,,
Meld,6,,,,
Meletian Hoplite,3,,,,
Meloon Wardragon,9,,,,
Mephistopheles,27,,,,
Mercion,3,,,,
Merfolk,1/8,,,,
Merfolk Salvager,1,,,,
Merfolk Stormcaller,8,,,,
Merregon,4,,,,
Merrenoloth,3,,,,
Merrenoloth,3,,,,
Merrow,2,,,,
Merrow Shallowpriest,4,,,,
Metallic Greatwyrm,28,,,,
Metallic Peacekeeper,4,,,,
Metallic Warbler,1/4,,,,
Metee-Kolen-Ol,2,,,,
Mezzoloth,5,,,,
Mi-Go,5,,,,
Mi-Go Dimension Walker,14,,,,
Mi-Go Lord,14,,,,
Mi-Go Scientist,6,,,,
Mi-Go Scout,5,,,,
Mi-Go Soldier,9,,,,
Mi-Go Spawnling,2,,,,
Mi-Go Warrior,8,,,,
Mi-Go Worker,5,,,,
Michael McHowlett,4,,,,
Midnight Peddler,1/2,,,,
Might Sliver,2,,,,
Miirym,22,,,,
Millitaur,3,,,,
Mimic,2,,,,
Mimic Chair,2,,,,
"Mimic, Map",1/4,,,,
Mind Drinker Vampire,4,,,,
Mind Flayer,7,,,,
Mind Flayer Arcanist,8,,,,
Mind Flayer Lich (Illithilich),22,,,,
Mind Mage,5,,,,
Mindrot Thrall,3,,,,
Mindwitness,5,,,,
Mineral Ooze,3,,,,
Minor Malleable,1,,,,
Minotaur,3,,,,
Minotaur Living Crystal Statue,6,,,,
Minotaur Skeleton,2,,,,
Minsc and Boo!,10,,,,
Mirager,3,,,,
Miraj Vizann,6,,,,
Miremal,1/2,,,,
Mirror Hag,6,,,,
Mirrorman,6,,,,
Mirt,9,,,,
Mister Light,3,,,,
Mister Witch,3,,,,
Mistress of Midnight Teeth,15,,,,
Mite,1/8,,,,
Mite,1/4,,,,
Mithril Guard,7,,,,
Mngwa,4,,,,
Moderate Malleable,5,,,,
Moghadam,12,,,,
Mold Zombie,3,,,,
Molliver,3,,,,
Moloch,21,,,,
Moloch,21,,,,
Molydeus,21,,,,
Molydues,21,,,,
Monarch Skeleton,9,,,,
Mongrelfolk,1/4,,,,
Monkey King,21,,,,
Monodrone,1/8,,,,
Monolith Champion,8,,,,
Monolith Footman,3,,,,
Monstrous Crayfish,2,,,,
Monstrous Peryton,11,,,,
Montaron and the Laughing Skull,11,,,,
Moon Drake,5,,,,
Moon Nymph,8,,,,
Moon Priestess,7,,,,
Moon-Beast ,1,,,,
Moon-Priest of Nyarlathotep,7,,,,
Moon-Vassal of Nyarlathotep,11,,,,
Moonchild Naga,6,,,,
Moonkite,5,,,,
Moonstone Dragon Wyrmling,2,,,,
Moorbounder,1,,,,
Mordakhesh,15,,,,
Mordant Snare,15,,,,
Môrgæn,4,,,,
Morko,1/4,,,,
Morkoth,11,,,,
Morkoth,11,,,,
Mormesk The Wraith,3,,,,
Morphlit,2,,,,
Morphoi,1/2,,,,
Morvudd,7,,,,
Moss Lurker,1,,,,
Mother Hydra,24,,,,
Mother Hydra,17,,,,
Mountain Dryad,11,,,,
Mountain Giant,21,,,,
Mountain Goat,1/8,,,,
Mountain Nymph,6,,,,
Mountain Strider,1,,,,
Mouse King,11,,,,
Mouth of Grolantor,6,,,,
Mr. Dory,10,,,,
Mud Golem,1,,,,
Mud Mephit,1/4,,,,
Muiral,13,,,,
Mule,1/8,,,,
Mummy,3,,,,
Mummy Lord,15,,,,
Mummy Lord (in lair),16,,,,
Mummy of the Deep,2,,,,
Mummy Warrior,6,,,,
Murder Crow,3,,,,
Murgrik,9,,,,
Mustard Jelly,5,,,,
Mutant Troll,6,,,,
Mutant Troll,7,,,,
Mwaxanaré,1/8,,,,
Myconid Adult,1/2,,,,
Myconid Sovereign,2,,,,
Myconid Sprout,0,,,,
Mydnari,1/2,,,,
Myling,2,,,,
Myr,1/4,,,,
Myr Battlesphere,5,,,,
Mytholabe,9,,,,
Mythos Ghast,2,,,,
Mythos Ghoul,1/4,,,,
Mythos Satyr,1/2,,,,
Nabassu,15,,,,
Nabassu,15,,,,
Nachzehrer,8,,,,
Naergoth Bladelord,11,,,,
Naes Inuus,13,,,,
Nagpa,17,,,,
Nagpa,17,,,,
Naiad,2,,,,
Naina,11,,,,
Naina (in Humanoid form),11,,,,
Naizu-Ha,6,,,,
Nalfeshnee,13,,,,
Nalusa Falaya,1/2,,,,
Narrak,2,,,,
Narshark,1/2,,,,
Narzugon,13,,,,
Narzugon,13,,,,
Nass Lantomir's Ghost,6,,,,
Nauk,9,,,,
Nechrichor,7,,,,
Necromancer,6,,,,
Necromancer,9,,,,
Necromancer Wizard,9,,,,
Necromite of Myrkul,1/2,,,,
Necrophage Ghast,4,,,,
Necrotic Slime,8,,,,
Necrotic Tick,1/4,,,,
Needle Blight,1/4,,,,
Needle Lord,3,,,,
Needle Spawn,1/2,,,,
Neo-Otyugh,7,,,,
Neogi,3,,,,
Neogi Hatchling,1/8,,,,
Neogi Master,4,,,,
Neogi Master,4,,,,
Neophron,8,,,,
Neothelid,13,,,,
Nephirron Devil,16,,,,
Nereid,2,,,,
Nergaliid,3,,,,
Neronvain,9,,,,
"Nezahal, Primal Tide",30,,,,
Nezznar The Black Spider,2,,,,
Ngobou,5,,,,
Nharyth,9,,,,
Nian,4,,,,
Nichny,6,,,,
Night Blade,1/4,,,,
Night Hag,5,,,,
Night Scorpion,3,,,,
Night-Gaunt,9,,,,
Nightgarm,6,,,,
Nightgaunt,10,,,,
Nightgaunt,2,,,,
Nightmare,3,,,,
Nightmare Shepherd,11,,,,
Nightmare Troll,7,,,,
Nightveil Specter,10,,,,
Nightwalker,20,,,,
Nightwalker,20,,,,
Nihilethic Zombie,1,,,,
Nilbog,1,,,,
Nilbog,1,,,,
Nimblewright,4,,,,
Ningyo,7,,,,
Nintra Siotta,16,,,,
Niv-Mizzet,26,,,,
Nivix Cyclops,8,,,,
Nix Riversong,21,,,,
Nkosi,1/2,,,,
Nkosi Pridelord,4,,,,
Noble,1/8,,,,
Noctiny,2,,,,
Nodosaurus,1,,,,
Norker,1/2,,,,
Norker War Leader,3,,,,
Nosferatu,8,,,,
Noth-Norren,13,,,,
Nothic,2,,,,
Nupperibo,1/2,,,,
Nupperibo,1/2,,,,
Nycaloth,9,,,,
Nyctli,1/4,,,,
Nyctli Swarm,10,,,,
Nyogtha Body,20,,,,
Nyx-Fleece Ram,1,,,,
Oak Truestrike,2,,,,
Oaken Bolter,5,,,,
Oasis Keeper,9,,,,
Oblex Spawn,1/4,,,,
Obsessed Artist,2,,,,
Obzedat Ghost,8,,,,
Oceanus (Sea Elf),1/2,,,,
Ochre Jelly,2,,,,
Octopus,0,,,,
Oculo Swarm,4,,,,
Ogre,2,,,,
"Ogre ""Big Boss""",5,,,,
Ogre Battering Ram,4,,,,
Ogre Battering Ram,4,,,,
Ogre Bolt Launcher,2,,,,
Ogre Chain Brute,3,,,,
Ogre Howdah,2,,,,
Ogre Howdah,2,,,,
Ogre Skeleton,2,,,,
Ogre Zombie,2,,,,
Ogrémoch,20,,,,
Ogrepede,6,,,,
Ogrillon Sellsword,3,,,,
Ogrillon Warmage,5,,,,
Oinoloth,12,,,,
Oinoloth,12,,,,
Okkator Assassin,4,,,,
Old Leng Spider,9,,,,
Olhydra,18,,,,
Oliphaunt,8,,,,
Olive Slime,0,,,,
Olive Slime Zombie,1/2,,,,
Omin Dran,5,,,,
One-Eyed Shiver,3,,,,
One-Headed Clockwork Dragon,8,,,,
One-Horned Ogre,5,,,,
Oni,7,,,,
Onyx Magistrate,8,,,,
Oozasis,9,,,,
Ooze Master,10,,,,
Ooze-Folk,1/2,,,,
Ophanim,16,,,,
Ophidiotaur,5,,,,
Ophinix,2,,,,
Ophio Fungus,7,,,,
Oracle,4,,,,
Oracle of Strixhaven,15,,,,
Orc,1/2,,,,
Orc Acolyte,1,,,,
Orc Berserker,1,,,,
Orc Berserker,1,,,,
Orc Blackguard,5,,,,
Orc Blade of Ilneval,4,,,,
Orc Brute,1,,,,
Orc Champion,4,,,,
Orc Claw of Luthic,2,,,,
Orc Cutthroat,3,,,,
Orc Demonologist,4,,,,
Orc Eye of Gruumsh,2,,,,
Orc Fire Eater,2,,,,
Orc Hand of Gruumsh,3,,,,
Orc Hand of Yurtrus,2,,,,
Orc Hunter,2,,,,
Orc Marauder,1,,,,
Orc Mystic,1/2,,,,
Orc Necromancer,4,,,,
Orc Nurtured One of Yurtrus,1/2,,,,
Orc Occultist,2,,,,
Orc Peon,1/2,,,,
Orc Raid Chief,3,,,,
Orc Ranger,5,,,,
Orc Red Fang of Shargaas,3,,,,
Orc Scout,1/2,,,,
Orc Shaman,1/2,,,,
Orc Thug,1,,,,
Orc War Chief,4,,,,
Orc Warlock,1/2,,,,
Orc Warrior,2,,,,
Orcus,26,,,,
Orcus,26,,,,
Oread,4,,,,
Oreioth,2,,,,
Origami Warrior,1/8,,,,
Oriq Blood Mage,9,,,,
Oriq Recruiter,4,,,,
Orniraptor,1/4,,,,
Orobas Devil,14,,,,
Orog,2,,,,
Orphan of the Black,2,,,,
Orthon,10,,,,
Orthon,10,,,,
Orthrus,3,,,,
Ortifex,4,,,,
Orzhov Giant,6,,,,
Ostinato,4,,,,
Oth,5,,,,
Otterfolk,1/4,,,,
Otyugh,5,,,,
Ouroban,11,,,,
Ouroboros,6,,,,
Outer Abomination,10,,,,
Outer Mutant Priest of Yog-Sothoth,3,,,,
Outer Mutant Scout,1,,,,
Outer Spawn,15,,,,
Overshadow,4,,,,
Owl,0,,,,
Owl Harpy,5,,,,
Owlbear,3,,,,
Owlbear Matron,5,,,,
Owlwere,1/2,,,,
Ox,1/4,,,,
Pact Devil,9,,,,
Pact Drake,1,,,,
Pact Lich,15,,,,
Paige Truestrike,20,,,,
Pal-Rai-Yuk,8,,,,
Pale Screamer,3,,,,
Panther,1/4,,,,
Paper Drake,2,,,,
Paper Golem,1/4,,,,
Paper Golem Swarm,3,,,,
Parasite Infested Behir,11,,,,
"Parzelon, King of Secrets",25,,,,
Parzz'val,8,,,,
Past Yithian,11,,,,
Pattern Dancer,2,,,,
Pazuzu,25,,,,
Peat Mammoth,10,,,,
Pech,2,,,,
Pech,1/4,,,,
Pech Lithlord,7,,,,
Pech Stonemaster,4,,,,
Pegasus,2,,,,
Peluda Drake,3,,,,
Pelyious Avhoste,9,,,,
Pendragon Beestinger,2,,,,
Pentadrone,2,,,,
Percival de Rolo,18,,,,
Peryton,2,,,,
Pest Mascot,1/4,,,,
Pestie Mite,1/4,,,,
Pestilence Swarm,1,,,,
Phaerimm,15,,,,
Phantom,1,,,,
Phantom Warrior,3,,,,
Pharblex Spattergoo,3,,,,
Phase Giant,5,,,,
Phase Spider,3,,,,
Phelddagrif,5,,,,
Philosopher's Ghost,4,,,,
Phoenix,16,,,,
Phoenix,16,,,,
Phoenix Anvil,2,,,,
Phycomid,1/2,,,,
Phylaskia,9,,,,
Piasa,6,,,,
Pidlwick II,1/4,,,,
Piercer,1/2,,,,
Pike Trickfoot,17,,,,
Pillar of the Lost Magocracy,4,,,,
Pine Doom,9,,,,
Pirate Axe Thrower,2,,,,
Pirate Bosun,1/2,,,,
Pirate Captain,2,,,,
Pirate Chain Swinger,3,,,,
Pirate Deck Wizard,1,,,,
Pirate First Mate,1,,,,
Pishacha,3,,,,
Pit Fiend,20,,,,
Pixie,1/4,,,,
Pixie's Umbrella,1/8,,,,
Pixiu,6,,,,
Plague Spirit,9,,,,
Plaguebringer,20,,,,
Plainscow,2,,,,
Planetar,16,,,,
Plaresh,3,,,,
Plasmid,5,,,,
Platinum Golem,16,,,,
Plesiosaurus,2,,,,
Podling,1/2,,,,
"Poena, Duke of Retribution",19,,,,
Poisonous Fire Snake,1/2,,,,
Poisonous Snake,1/8,,,,
Polar Bear,2,,,,
Pollenella the Honeybee,0,,,,
Polukranos,19,,,,
Pombero,3,,,,
Pony,1/8,,,,
Portentia Dran,3,,,,
Possessed Pillar,7,,,,
Poultice Sliver,3,,,,
Precognitive Mage,3,,,,
Preta,3,,,,
Priest,2,,,,
Priest of Blight,8,,,,
Priest of Osybus,6,,,,
Primal Oozer,6,,,,
Primeval Titan,10,,,,
Prismari Apprentice,2,,,,
Prismari Apprentice,2,,,,
Prismari Pledgemage,4,,,,
Prismari Pledgemage,4,,,,
Prismari Prof. of Expression,7,,,,
Prismari Prof. of Expression,7,,,,
Prismari Prof. of Perfection,7,,,,
Prismari Prof. of Perfection,7,,,,
Prismatic Beetle Swarm,3,,,,
Proto-Shoggoth,9,,,,
Pseudodragon,1/4,,,,
Psoglav,7,,,,
Psychic Vampire,13,,,,
Pterafolk,1,,,,
Pteranodon,1/4,,,,
Pumpkin King,13,,,,
Pumpkin King,10,,,,
Purple Slime,3,,,,
Purple Worm,15,,,,
Purple Wormling,2,,,,
Pustulent Shambler,13,,,,
Pustuloid,1,,,,
Putrescent Slime,1,,,,
Putrid Haunt,2,,,,
Pyrolisk,1/2,,,,
Qiqirin,2,,,,
Qithukye,2,,,,
Quadricorn,4,,,,
Quadrone,1,,,,
Quaggoth,2,,,,
Quaggoth Spore Servant,1,,,,
Quaggoth Thonot,3,,,,
Quandrix Apprentice,2,,,,
Quandrix Apprentice,2,,,,
Quandrix Pledgemage,4,,,,
Quandrix Pledgemage,4,,,,
Quandrix Prof. of Substance,7,,,,
Quandrix Prof. of Substance,7,,,,
Quandrix Prof. of Theory,7,,,,
Quandrix Prof. of Theory,7,,,,
Quasit,1,,,,
Queen Asria,8,,,,
Queen of Birds,14,,,,
Queen of Cats,15,,,,
Queen of Scorpions,13,,,,
Queen of Serpents,12,,,,
Quetzalcoatlus,2,,,,
Quickling,1,,,,
Quickserpent,4,,,,
Quickstep,5,,,,
Quickwood,8,,,,
Quiet Soul,6,,,,
Quipper,0,,,,
Quoreq,5,,,,
Qwyllion,8,,,,
Radiant Idol,11,,,,
Radiant Spark Swarm,3,,,,
Rageipede,2,,,,
Rahadin,10,,,,
Raider's Worg,2,,,,
Rak Tulkhesh,28,,,,
Rakdos,24,,,,
Rakdos Lampooner,2,,,,
Rakdos Performer,1,,,,
Rakshasa,13,,,,
Ram Sugar,2,,,,
Ramag,1/4,,,,
Ramag Portal Master,5,,,,
"Rangda, Demon Lord of Witches",17,,,,
Ras Nsi,7,,,,
Rat,0,,,,
Rat Hermit,3,,,,
Rat King,5,,,,
Ratatosk,4,,,,
Ratatosk Warlord,5,,,,
Ratfolk,1/4,,,,
Ratfolk Mercenary,2,,,,
Ratfolk Rogue,1,,,,
Ratfolk Warlock,1,,,,
Rath Modar,6,,,,
Rathar,8,,,,
Rattok,4,,,,
Ravager Slaughter Lord,9,,,,
Ravager Stabby-Stabber,2,,,,
Raven,0,,,,
Ravenala,5,,,,
Ravenfolk Doom Croaker,5,,,,
Ravenfolk Scout,1/2,,,,
Ravenfolk Warrior,3,,,,
Ravenous Wendigo,2,,,,
Razerblast,5,,,,
Razorleaf,5,,,,
Re-Animated Guard,2,,,,
Re-Animated Laborer,1/2,,,,
Re-Animated Soldier,4,,,,
Reaper of Bhaal,2,,,,
Reckoner,4,,,,
Red Abishai,19,,,,
Red Abishai,19,,,,
Red Dracolisk,7,,,,
Red Dragon Wyrmling,4,,,,
Red Hag,7,,,,
Red Jester,5,,,,
Red Slaad,5,,,,
Red-Banded Line,1/4,,,,
Redbrand Ruffian,1/2,,,,
Redcap,3,,,,
Redcap,6,,,,
Reef Shark,1/2,,,,
Relentless Juggernaut,12,,,,
Relentless Slasher,8,,,,
Relic Sloth,2,,,,
Remallia Haventree,9,,,,
Remnant Chosen,12,,,,
Remnant Cultist,7,,,,
Remorhaz,11,,,,
Repository,7,,,,
Resinous Frog,1/4,,,,
Retriever,14,,,,
Returned Drifter,1/4,,,,
Returned Palamnite,4,,,,
Returned Sentry,1,,,,
Revenant,5,,,,
Reynard,12,,,,
Rezmir,7,,,,
Rhan-Tegoth,19,,,,
Rhinoceros,2,,,,
"Rhopalocerex, Demon Lord of Deception",20,,,,
Rictavio,5,,,,
Riding Horse,1/4,,,,
Rift Swine,5,,,,
Righteous Sentinel,9,,,,
Rime Worm Grub,1,,,,
Ring Servant,8,,,,
Ringlerun,5,,,,
Rip Tide Priest,2,,,,
Risen Reaver,7,,,,
Risen Warlock,14,,,,
Rivermaw Brawler,3,,,,
Rivermaw Stormborn,4,,,,
Roach,4,,,,
Roachling Lord,2,,,,
Roachling Scout,2,,,,
Roachling Skirmisher,1/4,,,,
Roc,11,,,,
Rock Roach,2,,,,
Rock Troll,5,,,,
Roggenwolf,2,,,,
Ronus,1/4,,,,
Rootling,10,,,,
Roper,5,,,,
Rosie Beestinger,3,,,,
Rot Troll,9,,,,
Rot Troll,9,,,,
Rothorror,7,,,,
Rotsam,2,,,,
Rotsam Swarm,6,,,,
Rotter,5,,,,
Rotting Wind,6,,,,
Rubblebelt Stalker,1/2,,,,
Rubezahl,10,,,,
Ruby Ooze,6,,,,
Rug of Smothering,2,,,,
Ruin,15,,,,
Ruin Grinder,5,,,,
Rum Gremlin,1/2,,,,
Rum Lord,4,,,,
Runeswarm,10,,,,
Rusalka,4,,,,
Rusalka,6,,,,
Russet Mold,1/2,,,,
Rust Drake,8,,,,
Rust Monster,1/2,,,,
Rutterkin,2,,,,
Ryven,1,,,,
Saber-Toothed Tiger,2,,,,
Sacred Statue,12,,,,
Sacred Statue,12,,,,
Sacred Stone Monk,1/2,,,,
Saemon Havarian,10,,,,
Sage,1/2,,,,
Sahuagin,1/2,,,,
Sahuagin Baron,5,,,,
Sahuagin Blademaster,6,,,,
Sahuagin Champion,3,,,,
Sahuagin Coral Smasher,1,,,,
Sahuagin Deep Diver,4,,,,
Sahuagin Hatchling Swarm,3,,,,
Sahuagin High Priestess,5,,,,
Sahuagin Priestess,2,,,,
Sahuagin Warlock of Uk'otoa,3,,,,
Sahuagin Wave Shaper,5,,,,
Salamander,5,,,,
Salamander Monarch,13,,,,
Salt Devil,6,,,,
Salt Golem,10,,,,
Sammael,7,,,,
Sanbalet,1,,,,
Sand Hag,5,,,,
Sand Silhouette,6,,,,
Sand Spider,7,,,,
Sanddrift Drake,6,,,,
Sandling,1,,,,
Sandman,5,,,,
Sandwyrm,6,,,,
Sane,11,,,,
Sap Demon,4,,,,
Sapphire Dragon Wyrmling,3,,,,
Sapphire Jelly,6,,,,
Sapphire Sentinel,10,,,,
Sarcophagus Slime,5,,,,
Sarevok,15,,,,
Sarsaok,7,,,,
Sasori Fukurowashi,9,,,,
Sasquatch,5,,,,
Satarre Destroyer,3,,,,
Satarre Mystic,3,,,,
Sathaq Worm,10,,,,
Satyr,1/2,,,,
Satyr Reveler,1,,,,
Satyr Thornbearer,2,,,,
Savage Orc,1,,,,
Savager,8,,,,
Scaladar,8,,,,
Scanlan Shorthalt,15,,,,
Scarecrow,1,,,,
Scarlet Ibis,5,,,,
Scheznyki,6,,,,
Scholar Brain Cylinder,0,,,,
Scion of Chaugnar Faugn,7,,,,
Scitalis,2,,,,
Scopikis,6,,,,
Scorchbringer Guard,1/2,,,,
Scorpion,0,,,,
Scorpion Assassin,8,,,,
Scorpion Cultist,1/2,,,,
Scourge,3,,,,
Scout,1/2,,,,
Screaming Devilkin,1/4,,,,
Screaming Devilkin,1,,,,
Screecher,2,,,,
Scribe Devil,5,,,,
Scrofin,2,,,,
Scroll Mummy,6,,,,
Scythe Tree,5,,,,
Sea Dragon Qyrmling,2,,,,
Sea Fury,12,,,,
Sea Hag,2,,,,
Sea Horse,0,,,,
Sea Lion,1/2,,,,
Sea Spawn,1,,,,
Seafallen Captain,4,,,,
Seafallen Crew,1/4,,,,
Seafallen Host,1,,,,
Seal,0,,,,
Selachian,8,,,,
Selang,4,,,,
Selenelion Twin,2,,,,
Sema,1,,,,
Sentinel in Darkness,7,,,,
Seodra,1/8,,,,
Sepulchral Guardian,3,,,,
Sergeant,3,,,,
Serpentfolk,3,,,,
Serpentfolk Alchemist,9,,,,
Serpentfolk of Yig,1,,,,
Serpentine Lamia,1,,,,
Serpopard,3,,,,
Serpopard,4,,,,
Servant of the Unsated God,4,,,,
Servant of the Vine,6,,,,
Servant of Yig,4,,,,
Servitor of the Outer Gods,3,,,,
Servitor Thrull,1/4,,,,
Servo,0,,,,
Setessan Hoplite,4,,,,
Severin,11,,,,
Shabti,8,,,,
Shadar-Kai Gloom Weaver,9,,,,
Shadar-Kai Shadow Dancer,7,,,,
Shadar-Kai Soul Monger,11,,,,
Shadhavar,2,,,,
Shadow,1/2,,,,
Shadow Assassin,9,,,,
Shadow Beast,7,,,,
Shadow Blight,1,,,,
Shadow Boxer,3,,,,
Shadow Demon,4,,,,
Shadow Elemental,5,,,,
Shadow Fey Ambassador,9,,,,
Shadow Fey Elves,1/4,,,,
Shadow Fey Poisoner,11,,,,
Shadow Giant,15,,,,
Shadow Goblin,1/2,,,,
Shadow Horror,9,,,,
Shadow Mastiff,1/2,,,,
Shadow Mastiff,2,,,,
Shadow Mastiff Alpha,3,,,,
Shadow of Death,21,,,,
Shadow Ooze,3,,,,
Shadow Rat,0,,,,
Shadow River Lord,9,,,,
Shadow Skeleton,2,,,,
Shadow Troll,7,,,,
Shadowgast,5,,,,
Shadowtouched Umberhulk,5,,,,
Shadrix Silverquill,22,,,,
Shambling Mound,5,,,,
Shantak,5,,,,
Shantak,5,,,,
Shard Swarm,1/2,,,,
Sharkjaw Skeleton,1,,,,
Sharwyn Hucrele,1/2,,,,
Shell Shark,2,,,,
Shellycoat,2,,,,
Shemshime,4,,,,
Shield Guardian,7,,,,
Shifter,1/2,,,,
Shiftshroom,1/4,,,,
Shimmer Seal,5,,,,
Shipbreaker Sea Serpent,20,,,,
Shippei-Tao,2,,,,
Shoalar Quaderil,6,,,,
Shoalar Quanderil,4,,,,
Shoggoth,16,,,,
Shoggoth,16,,,,
Shoggoth,19,,,,
Shoosuva,8,,,,
Shoosuva,8,,,,
Shoreline Scrapper,4,,,,
Shriekbat,9,,,,
Shrieker,0,,,,
Shroom,4,,,,
Shroud,1/8,,,,
Shukankor,9,,,,
Shurale,7,,,,
Sibriex,18,,,,
Sibriex,18,,,,
Sigilian,2,,,,
Sildar Hallwinter,1,,,,
Silenal,7,,,,
Silver Dragon Wyrmling,2,,,,
Silver Dragon Wyrmling Skeleton,2,,,,
Silver Knight,6,,,,
Silverpaw Dog,1,,,,
Silverpaw Paladin,4,,,,
Silverquill Apprentice,2,,,,
Silverquill Apprentice,2,,,,
Silverquill Pledgemage,4,,,,
Silverquill Pledgemage,4,,,,
Silverquill Prof. of Radiance,7,,,,
Silverquill Prof. of Radiance,7,,,,
Silverquill Prof. of Shadow,7,,,,
Silverquill Prof. of Shadow,7,,,,
Simhamukha,8,,,,
Simurg,5,,,,
Sir Breaford,1/2,,,,
"Sir Redar, Knight of the Secret Oath",6,,,,
Sir Ursas,5,,,,
Sire of Insanity,12,,,,
Sire of Stagnation,17,,,,
Siren,3,,,,
Sirene,3,,,,
Skabatha Nightshade,8,,,,
Skeemo Weirdbottle,6,,,,
Skein Witch,12,,,,
Skeletal Alchemist,1/2,,,,
Skeletal Giant Owl,1/4,,,,
Skeletal Juggernaut,5,,,,
Skeletal Owlbear,3,,,,
Skeletal Polar Bear,2,,,,
Skeletal Swarm,2,,,,
Skeletal Titan,15,,,,
Skeletal Two-Headed Owlbear,3,,,,
Skeleton,1/4,,,,
Skeleton Lord,9,,,,
Skeleton Warrior,14,,,,
Skeleton Warrior,5,,,,
Skelzi,1,,,,
Skin Bat,1/2,,,,
Skitterhaunt,4,,,,
Skittering Horro,15,,,,
Skitterwidget,5,,,,
Skulk,1/2,,,,
Skulk,1/2,,,,
Skulk,1/2,,,,
Skull Drake,3,,,,
Skull Lantern,1/4,,,,
Skull Lasher of Myrkul,1,,,,
Skull Lord,15,,,,
Skull Lord,15,,,,
Skum,5,,,,
Sky Leviathan,10,,,,
Skyjek Roc,2,,,,
Skylla,2,,,,
Skyswimmer,13,,,,
Skyweaver,3,,,,
Slaad Tadpole,1/8,,,,
Sleipnir,5,,,,
Slime Mold,8,,,,
Slithering Tracker,1,,,,
Slithering Tracker,3,,,,
Slithering Tracker,3,,,,
Sliver,1/2,,,,
Sliver Queen,13,,,,
Slow Storm,15,,,,
Sluagh Swarm,3,,,,
Smaragdine Golem,14,,,,
Smoke Mephit,1/4,,,,
Smolder Souleater,8,,,,
Snake with a Hundred Mage Hands,3,,,,
Sniffer Beetle,1/8,,,,
Snow Cat,1/4,,,,
Snow Giant,5,,,,
Snow Golem,4,,,,
Snow Hag,3,,,,
Snow Leopard,1/4,,,,
Snow Spider,3,,,,
Snow Terror,8,,,,
Solar,21,,,,
Soldier,1/2,,,,
Somberweave,5,,,,
Son of Fenris,12,,,,
Song Angel,6,,,,
Sooze,1/2,,,,
Sorcerer Brain Cylinder,1,,,,
Soul Eater,7,,,,
Soul Monger,11,,,,
Soul Reaper,16,,,,
Spark,7,,,,
Spawn of Akyishigal,5,,,,
Spawn of Alquam,6,,,,
Spawn of Arbeyach,5,,,,
Spawn of Chernobog,4,,,,
Spawn of Hriggala,10,,,,
Spawn of Kyuss,5,,,,
Spawn of Parzelon,5,,,,
Spawn of Rhopalocerex,6,,,,
Speaker to the Darkness,5,,,,
Spectator,3,,,,
Specter,1,,,,
Specter (poltergeist),2,,,,
Spectral Guardian,6,,,,
Spectral Troll,4,,,,
Spellhound,4,,,,
Spellskite,5,,,,
Sperm Whale,8,,,,
Sperman,1/4,,,,
Spider,0,,,,
Spider Drake,9,,,,
Spider of Leng,7,,,,
Spider Skull,1/2,,,,
Spider Thief,2,,,,
Spined Devil,2,,,,
Spinosaurus,13,,,,
Spire Walker,3,,,,
Spirit,1/2,,,,
Spirit Lamp,7,,,,
Spirit Naga,8,,,,
Spirit Statue Mascot,1/4,,,,
Spirit Troll,11,,,,
Spitting Mimic,5,,,,
Spitting Sea Serpent,5,,,,
Spitting Sliver,2,,,,
Splugoth the Returned,2,,,,
Sporous Crab,1,,,,
Spree,5,,,,
Spring Eladrin,10,,,,
Spring Eladrin,10,,,,
Sprite,1/4,,,,
Spurred Water Skate,1,,,,
Spy,1,,,,
Squirt the Oilcan,1/4,,,,
Ssadar,3,,,,
"Ssendam, Lord of Madness",23,,,,
Stahnk (Undead Beast),7,,,,
Star Drake,15,,,,
Star Spawn Grue,1/4,,,,
Star Spawn Hulk,10,,,,
Star Spawn Larva Mage,16,,,,
Star Spawn Larve Mage,16,,,,
Star Spawn Mangler,5,,,,
Star Spawn Seer,13,,,,
Star Spawn Seer,13,,,,
Star Vampire,4,,,,
Star Vampire,8,,,,
Star-Spawn of Cthulhu,15,,,,
Starspawn,21,,,,
Steam Golem,13,,,,
Steam Mephit,1/4,,,,
Steel Crane,8,,,,
Steel Leaf Kavu,4,,,,
Steel Predator,16,,,,
Steel Predator,16,,,,
Stegocentipede,4,,,,
Stegosaurus,4,,,,
Stellar Rorqual,12,,,,
Stench Kow,1/2,,,,
Stirge,1/8,,,,
Stolos,6,,,,
Stone Creeper,1,,,,
Stone Cursed,1,,,,
Stone Cursed,1,,,,
Stone Defender,4,,,,
Stone Giant,7,,,,
Stone Giant Dreamwalker,10,,,,
Stone Golem,10,,,,
Stone Guardian Golem,2,,,,
Stone Juggernaut,12,,,,
Stone Strix,8,,,,
Stonemelder,4,,,,
Storm Giant,13,,,,
Storm Giant Quintessent,16,,,,
Storm Giant Quintessent,16,,,,
Storm Giant Skeleton,16,,,,
Storm Lord,13,,,,
Storm Maiden,4,,,,
Storm Spirit,1/2,,,,
Stormboar,6,,,,
Strahd Von Zarovich,15,,,,
Strahd Zombie,1,,,,
Strahd's Animated Armor,6,,,,
Strangle Weed,2,,,,
Strigoi,4,,,,
Strixhaven Campus Guide,1,,,,
Strobing Fungus,4,,,,
Strongheart,4,,,,
Stryx,1/8,,,,
Stuhac,13,,,,
Stygian Fat-Tailed Scorpion,3,,,,
Stygian Skeleton,7,,,,
Su-Monster,1,,,,
Subek,5,,,,
Succubus,4,,,,
Sul Khatesh,28,,,,
Suldil Baldoriel,10,,,,
Sulsha,4,,,,
Summer Eladrin,10,,,,
Summer Eladrin,10,,,,
Sunbird,13,,,,
Sunder Shaman,10,,,,
Sunset Raptor,1,,,,
Suppurating Ooze,1,,,,
Suturefly,1/4,,,,
Svirfneblin,1/2,,,,
Swamp Adder,1/4,,,,
Swamp Lily,7,,,,
Swamp Naga,6,,,,
Swampgas Bubble,2,,,,
Swarm of Animated Books,1/4,,,,
Swarm of Bats,1/4,,,,
Swarm of Bees,1,,,,
Swarm of Campestris,1,,,,
Swarm of Centipedes,1/2,,,,
Swarm of Compsognathus,1,,,,
Swarm of Cranium Rats,5,,,,
Swarm of Cranium Rats,5,,,,
Swarm of Esteron,2,,,,
Swarm of Gremishkas,2,,,,
Swarm of Hoard Scarabs,2,,,,
Swarm of Insects,1/2,,,,
Swarm of Maggots,2,,,,
Swarm of Poisonous Snakes,2,,,,
Swarm of Quippers,1,,,,
Swarm of Rats,1/4,,,,
Swarm of Ravens,1/4,,,,
Swarm of Rot Grubs,1/2,,,,
Swarm of Rot Grubs,1/2,,,,
Swarm of Scarabs,3,,,,
Swarm of Squirrels,2,,,,
Swarm of Zombie Limbs,1,,,,
Swashbuckler,3,,,,
Swavain Basilisk,7,,,,
Swolbold,3,,,,
Sword Spider,3,,,,
Sword Wraith Commander,8,,,,
Sword Wraith Commander,8,,,,
Sword Wraith Warrior,3,,,,
Sylvan Stalker,8,,,,
Tabaxi,1/2,,,,
Tabaxi Hunter,1,,,,
Tabaxi Minstrel,1/4,,,,
Taer,1,,,,
Tai Feng,18,,,,
Talis The White,5,,,,
Tanarukk,5,,,,
Tanazir Quandrix,24,,,,
Tangtal,1,,,,
Tar Ghoul,4,,,,
Tar Ooze,6,,,,
Tarkanan Assassin,2,,,,
Tarkun the Dessicated,8,,,,
Tarnhem,19,,,,
Tarrasque,30,,,,
Tarul Var,13,,,,
Taryon Darrington,9,,,,
Tashlyn Yafeera,9,,,,
Tasloi,1/4,,,,
Tasloi Sniper,1,,,,
Tazelwurm,2,,,,
Technothug,1/2,,,,
Tecuziztecatl,4,,,,
Tembril,6,,,,
Temple Dog,5,,,,
Temporal Crawler,2,,,,
Tendriculos,4,,,,
Tendril Puppet,2,,,,
Tentacled Horror,11,,,,
Tentaghoul,3,,,,
Teratashia,15,,,,
Terror Bird,2,,,,
Tetomatli,8,,,,
"Tetzimoc, Primal Death",30,,,,
Thalasskoptis,10,,,,
Thayan Apprentice,2,,,,
Thayan Warrior,2,,,,
The Bloated Woman,24,,,,
"The Curator, Hell's Collector",24,,,,
The Dark Demon,21,,,,
The Filth,7,,,,
The Forest Queen,23,,,,
The Forgotten Prince,21,,,,
The Haunter,22,,,,
The Holwer,25,,,,
The Hungry,11,,,,
The King in Yellow,22,,,,
The Lord of Blades,18,,,,
The Lost,7,,,,
The Pudding King,4,,,,
The Shadow Pharaoh,23,,,,
Theran Chimera,7,,,,
Thessalar,12,,,,
Thessalar's Homunculus,0,,,,
Thessalheart Construct,0,,,,
Thessalhydra,4,,,,
Thessalkraken,14,,,,
Theullai,10,,,,
Thief Lord,8,,,,
Thin Giant,9,,,,
Tho-Tcho,1/4,,,,
Thorn Slinger,1/2,,,,
Thorned Sulfurlord,11,,,,
Thornheart Guardian,9,,,,
Thorny Vegepygmy,1,,,,
Thought Spy,1,,,,
Thousand Teeth,6,,,,
Thrall of Yog-Sothoth,12,,,,
Thread-Bound Constrictor Snake,3,,,,
Three-Headed Clockwork Dragon,14,,,,
Three-Headed Cobra,5,,,,
Thri-Kreen,1,,,,
Thrummren,12,,,,
Thug,1/2,,,,
Thurl Merosska,3,,,,
Thursir Giant,3,,,,
Tiamat,30,,,,
Tiberius Inuus,9,,,,
Tidehunter,6,,,,
Tiefling Muralist,1/8,,,,
Tiger,1,,,,
Timeless Chronomancer,14,,,,
Timingila,15,,,,
Titanoboa,12,,,,
Titivilus,16,,,,
Titivilus,16,,,,
Tlincalli,5,,,,
Toad King,10,,,,
Tomb Tapper,10,,,,
Topaz Dragon Wyrmling,2,,,,
Tophet,8,,,,
Topi,1/2,,,,
Tormented Qiqirin,10,,,,
Tortle,1/4,,,,
Tortle,1/4,,,,
Tortle Druid,2,,,,
Tortle Druid,2,,,,
Tosculi Drone,1/2,,,,
Tosculi Elite Bow Raider,5,,,,
Tosculi Hive Queen,12,,,,
Tosculi Jeweled Drone,4,,,,
Tosculi Warrior,2,,,,
"Totivillus, Scribe of Hell",24,,,,
Transcendent Lunarchidna,6,,,,
Transmuter,5,,,,
Transmuter Wizard,5,,,,
Trapper,3,,,,
Trapper,3,,,,
Treacle,1/4,,,,
Treant,9,,,,
Treant Sapling,2,,,,
Tree Blight,7,,,,
Tree Skinner,2,,,,
Tressym,0,,,,
Tri-Flower Frond,1/2,,,,
Tri-Flower Frond,1/2,,,,
Tribal Warrior,1/8,,,,
Tricenatorus,13,,,,
Triceratops,5,,,,
Tridrone,1/2,,,,
Trinket,5,,,,
Triton Master of Waves,8,,,,
Triton Shorestalker,2,,,,
Troglodyte,1/4,,,,
Troglodyte Champion of Laogzed,3,,,,
Troll,5,,,,
Troll Boar,3,,,,
Troll Runt,4,,,,
Trollkin,1,,,,
Trollkin Grunt,2,,,,
Trollkin Reaver,4,,,,
Trollkin Shaman,4,,,,
Tromokratis,26,,,,
Trostani,18,,,,
Truesong Dancer,3,,,,
Truesong Dirge,5,,,,
Tsucora Quori,7,,,,
Tulpa,4,,,,
Tunnel Prawn,1/8,,,,
Tunnel Worm,8,,,,
Tusk Giant,4,,,,
Tuskaloth,10,,,,
Tusked Crimson Ogre,5,,,,
Tusked Skyfish,4,,,,
Tveirherjar,7,,,,
Twig Blight,1/8,,,,
Two-Headed Cerberus,2,,,,
Two-Headed Crocodile,1,,,,
Two-Headed Eagle,7,,,,
Two-Headed Owlbear,3,,,,
Two-headed Troll,6,,,,
Typhon,15,,,,
"Typhon, Father of Monsters",22,,,,
Tyrannosaurus Rex,8,,,,
Tyrannosaurus Zombie,8,,,,
Tzepharion,8,,,,
Udaak,16,,,,
"Ulamog, the Ceaseless Hunger",30,,,,
Ulitharid,9,,,,
Ulitharid,9,,,,
Ulnorya,7,,,,
Ulthar Champion,5,,,,
Ultralisk,23,,,,
Ultroloth,13,,,,
Umber Hulk,5,,,,
Umbral,7,,,,
Un-Man,1,,,,
Undead Phoenix,12,,,,
Undead Sharkenbear,5,,,,
Undead Warchief,12,,,,
Undercity Medusa,6,,,,
Underworld Cerberus,6,,,,
Undine,5,,,,
Undying Councilor,10,,,,
Undying Soldier,2,,,,
Unhatched,4,,,,
Unicorn,5,,,,
Unspeakable Horror,8,,,,
Uraeus,2,,,,
Urbane Magician,3,,,,
Urdimmu,14,,,,
Urochar (strangling Watcher),17,,,,
Ursa Polaris,7,,,,
Ushabti,9,,,,
Uthgardt Shaman,2,,,,
Vaettir,4,,,,
Valaara,23,,,,
Valenar Hawk,1/8,,,,
Valenar Hound,1/2,,,,
Valenar Steed,1/2,,,,
Valin Sarnaster,16,,,,
Valkruung,1/2,,,,
Valkyrie,11,,,,
Vallowex,7,,,,
Valygar,9,,,,
Vampire,13,,,,
Vampire (spellcaster),15,,,,
Vampire (warrior),15,,,,
Vampire Neonate,5,,,,
Vampire Patrician,10,,,,
Vampire Priestess,8,,,,
Vampire Rose,1/4,,,,
Vampire Spawn,5,,,,
Vampire Thrall,2,,,,
Vampire Warlock,7,,,,
Vampiric Ixitxachitl,2,,,,
Vampiric Ixitxachitl Cleric,2,,,,
Vampiric Jade Statue,8,,,,
Vampiric Knight,11,,,,
Vampiric Mind Flayer,5,,,,
Vampiric Mist,3,,,,
Vanara,2,,,,
Vangsluagh,4,,,,
Vanifer,9,,,,
Vanifer (with Lair Actions),12,,,,
Vapor Lynx,5,,,,
Vargouille,1,,,,
Vargouille,1,,,,
Varjra Safahr,13,,,,
Varnyr,1/8,,,,
Vegepygmy,1/4,,,,
Vegepygmy Chief,3,,,,
Vegepygmy Chief,2,,,,
Vegepygmy Commoner/Worker,1/8,,,,
Vegepygmy Guard,1/2,,,,
Vellin Farstride,9,,,,
Vellso,7,,,,
Vellyne Harpell,4,,,,
Velociraptor,1/4,,,,
Velomachus Lorehold,25,,,,
Venom Elemental,4,,,,
Venom Maw Hydra,12,,,,
Venom Troll,5,,,,
Venom Troll,7,,,,
Venomous Mummy,3,,,,
Vent Linnorm,16,,,,
Verbeeg Longstrider,5,,,,
Verbeeg Marauder,4,,,,
Verdalin,1/2,,,,
Vesiculosa,11,,,,
Veteran,3,,,,
Veteran Swordbreaker Skeleton,3,,,,
Vex'ahlia,18,,,,
Vexxeh,6,,,,
Viari,5,,,,
Vicious Blood Hawk,1/4,,,,
Viconia DeVir,13,,,,
Victoro Cassalanter,10,,,,
Viiret,3,,,,
Viktor,9,,,,
Vila,5,,,,
Vile Barber (Siabhra),2,,,,
Vine Blight,1/2,,,,
Vine Drake,7,,,,
Vine Golem,3,,,,
Vine Lord,7,,,,
Vine Terror,3,,,,
Vine Troll Skeleton,9,,,,
Vines of Nemthyr,8,,,,
Violet Fungus,1/4,,,,
Virtuoso Lich,12,,,,
Virulent Sliver,3,,,,
Vladimir Horngaard,7,,,,
Vodyanoy,5,,,,
Void Cultist,1/2,,,,
Void Dragon Wyrmling,2,,,,
Void Giant,11,,,,
Void Speaker,7,,,,
Voidling,11,,,,
Voidpool,5,,,,
Voidwracked Mage,8,,,,
"Volothamp ""Volo"" Geddarm",1/4,,,,
Volt,1/4,,,,
Voonith,1,,,,
Vorin,9,,,,
Vos'skyriss Serpentfolk,3,,,,
Vos'skyriss Serpentfolk Ghost,4,,,,
Vrock,6,,,,
Vulchling,1/8,,,,
Vulture,0,,,,
Walking Statue of Waterdeep,18,,,,
Walled Horror,7,,,,
Walnut Dankgrass,3,,,,
Walrus,1/4,,,,
Wamp,1/2,,,,
Wampus Cat,1,,,,
Wanyudo,8,,,,
War,20,,,,
War Chaplain,3,,,,
War Machine Golem,18,,,,
War Mage,2,,,,
War Ostrich,1/2,,,,
War Pig,4,,,,
War Priest,8,,,,
War Priest,9,,,,
War Priest,9,,,,
War Titan,16,,,,
War Troll,9,,,,
War Wyvern,7,,,,
Wardu,6,,,,
Warduke,5,,,,
Warforged Colossus,25,,,,
Warforged Soldier,1,,,,
Warforged Titan,8,,,,
Warhorse,1/2,,,,
Warhorse Skeleton,1/2,,,,
Warlock of the Archfey,4,,,,
Warlock of the Archfey,4,,,,
Warlock of the Fiend,7,,,,
Warlock of the Fiend,7,,,,
Warlock of the Great Old One,6,,,,
Warlock of the Great Old One,6,,,,
Warlock's Trumpetbloom,7,,,,
Warlord,12,,,,
Warmth Thief,9,,,,
Wasteland Dragon Wyrmling,3,,,,
Wastrilith,13,,,,
Water Elemental,5,,,,
Water Elemental Myrmidon,7,,,,
Water Elemental Myrmidon,7,,,,
Water Horse,4,,,,
Water Leaper,4,,,,
Water Weird,3,,,,
Weasel,0,,,,
Web Troll,3,,,,
Weeping Treant,6,,,,
Weirding Scroll,1/2,,,,
Wendigo,11,,,,
Were-Mist,2,,,,
Werebat,3,,,,
Werebat,2,,,,
Werebear,5,,,,
Wereboar,4,,,,
Weredactyl,2,,,,
Werehyena,3,,,,
Wererat,2,,,,
Wereraven,2,,,,
Wereshark,5,,,,
Weretiger,4,,,,
Werewolf,3,,,,
Werewolf (Krallenhorde),3,,,,
Werewolf Alpha,9,,,,
Werewowl,5,,,,
Werynax,6,,,,
Wharfling,1/8,,,,
Wharfling Swarm,4,,,,
Whisperer in Darkness,15,,,,
White Abishai,6,,,,
White Abishai,6,,,,
White Ape,6,,,,
White Dracolisk,7,,,,
White Dragon Wyrmling,2,,,,
White Maw,10,,,,
White Stag,2,,,,
Whymsee (Kraken Priest Variant),5,,,,
Wicked Skull,1/8,,,,
Wickerman,9,,,,
Widow Creeper,10,,,,
Wiggan Nettlebee,2,,,,
Wight,3,,,,
Wight Walker,6,,,,
Will-o-wisp,2,,,,
Willowhaunt,5,,,,
Wind Demon,2,,,,
Wind Dragon Wyrmling,1,,,,
Wind Eater,2,,,,
Wind Weasel,2,,,,
Wind's Harp,4,,,,
Windharrow,3,,,,
Windwalker Wendigo,16,,,,
Windy Wailer,5,,,,
Winged Ape,2,,,,
Winged Bull,4,,,,
Winged Kobold,1/4,,,,
Winged Lion,4,,,,
Winged Sliver,3,,,,
Winged Thrull,1/2,,,,
Winter Eladrin,10,,,,
Winter Eladrin,10,,,,
Winter Sprite,1,,,,
Winter Wolf,3,,,,
Winterghast,4,,,,
Wintergrim,1/2,,,,
Wirbeln Fungi,1,,,,
Witch Grass,0,,,,
Witch of the Woods,7,,,,
Witch Queen,5,,,,
Witchlight,1/4,,,,
Witchlight Hands,1/8,,,,
Witchlight Hands,1/8,,,,
Witherbloom Apprentice,2,,,,
Witherbloom Apprentice,2,,,,
Witherbloom Pledgemage,4,,,,
Witherbloom Pledgemage,4,,,,
Witherbloom Prof. of Decay,7,,,,
Witherbloom Prof. of Decay,7,,,,
Witherbloom Prof. of Growth,7,,,,
Witherbloom Prof. of Growth,7,,,,
Witherstench,0,,,,
Wizard Kobold,5,,,,
Woe Siphon,3,,,,
Woe Strider,7,,,,
Wolf,1/4,,,,
Wolf Reaver Dwarf,3,,,,
Wolf Spirit Swarm,6,,,,
Wolfwere,1,,,,
Wolfwere,4,,,,
Wolfwere Alpha,6,,,,
Wolpertinger,1/4,,,,
Wood Elf Wizard,7,,,,
Wood Golem,3,,,,
Wood Ward,1,,,,
Wood Woad,5,,,,
Wood Woad,5,,,,
Wooden Golem,3,,,,
Woodwose,1/2,,,,
Woolly Rhinoceros,6,,,,
Worg,1/2,,,,
Worm of Ghroth,13,,,,
Wormhearted Suffragan,5,,,,
Wraith,5,,,,
Wraith Bear,9,,,,
Wraithroot Tree,14,,,,
Wretched Sorrowsworn,1/4,,,,
Wurm,14,,,,
Wyvern,6,,,,
Wyvern Knight,5,,,,
Wyvern-Rider,9,,,,
Xan Moonblade,8,,,,
Xandala,7,,,,
Xanka,1/4,,,,
Xardorok Sunblight,5,,,,
Xenabsorber,3,,,,
Xhkarsh,8,,,,
Xill,3,,,,
Xing Tian,11,,,,
Xiphus,5,,,,
Xorn,5,,,,
Xvart,1/8,,,,
Xvart,1/8,,,,
Xvart Warlock of Raxivort,1,,,,
Xvart Warlock of Raxivort,1,,,,
Xzar the Chaos Clone,11,,,,
Yaga Goo,5,,,,
Yagnoloth,11,,,,
Yakfolk Priest,4,,,,
Yakfolk Warrior,3,,,,
Yakirian,2,,,,
Yan-C-Bin,18,,,,
Yann-An-Oed,2,,,,
Yaojing,15,,,,
Yarnspinner,10,,,,
Yathon,7,,,,
Yavalnoi,6,,,,
Ychen Bannog,11,,,,
Yeenoghu,24,,,,
Yeenoghu,24,,,,
Yek,4,,,,
Yellow Musk Creeper,1,,,,
Yellow Musk Creeper,2,,,,
Yellow Musk Zombie,1/4,,,,
Yellow Musk Zombie,1/2,,,,
Yellow Sign Attendant,4,,,,
Yestabrod,4,,,,
Yeth Hound,4,,,,
Yeti,3,,,,
Yeti Tyke,1/8,,,,
"Ygorl, Lord of Entropy",23,,,,
Yochlol,10,,,,
Yothan Commaner,13,,,,
Yothan Designer,4,,,,
Yothan Warrior,6,,,,
Young Amethyst Dragon,9,,,,
Young Black Dragon,7,,,,
Young Black Zombie Dragon,7,,,,
Young Blue Dragon,9,,,,
Young Blue Dragon Zombie,10,,,,
Young Boreal Dragon,8,,,,
Young Brass Dragon,6,,,,
Young Bronze Dragon,8,,,,
Young Cave Dragon,8,,,,
Young Copper Dragon,7,,,,
Young Crystal Dragon,5,,,,
Young Deep Dragon,5,,,,
Young Dragon Turtle,10,,,,
Young Emerald Dragon,8,,,,
Young Faerie Dragon,1,,,,
Young Flame Dragon,9,,,,
Young Gold Dragon,10,,,,
Young Green Dragon,8,,,,
Young Imperial Dragon,11,,,,
Young Kraken,14,,,,
Young Kruthik,1/8,,,,
Young Light Dragon,7,,,,
Young Magma Landshark,9,,,,
Young Mithral Dragon,6,,,,
Young Moonstone Dragon,8,,,,
Young Phoenix,4,,,,
Young Red Dragon,10,,,,
Young Red Shadow Dragon,13,,,,
Young Remorhaz,5,,,,
Young Sapphire Dragon,9,,,,
Young Sea Dragon,9,,,,
Young Sea Serpent,8,,,,
Young Silver Dragon,9,,,,
Young Spinosaurus,5,,,,
Young Topaz Dragon,7,,,,
Young Void Dragon,9,,,,
Young Wasteland Dragon,9,,,,
Young White Dragon,6,,,,
Young Wind Dragon,6,,,,
Yowler,1/2,,,,
Yskarakta,12,,,,
Yuan-Ti Abomination,7,,,,
Yuan-Ti Anathema,12,,,,
Yuan-Ti Anathema,12,,,,
Yuan-Ti Broodguard,2,,,,
Yuan-Ti Broodguard,2,,,,
Yuan-Ti Malison,3,,,,
Yuan-Ti Mind Whisperer,4,,,,
Yuan-Ti Mind Whisperer,4,,,,
Yuan-Ti Nightmare Speaker,4,,,,
Yuan-Ti Nightmare Speaker,4,,,,
Yuan-Ti Pit Master,5,,,,
Yuan-Ti Pit Master,5,,,,
Yuan-Ti Pureblood,1,,,,
Yumerai,2,,,,
Yusdrayl,1,,,,
"Zacama, Primal Calamity",30,,,,
Zaiden,16,,,,
Zakya Rakshasa,5,,,,
Zalikum,7,,,,
Zanskaran Viper,1,,,,
Zarak,2,,,,
Zaratan,22,,,,
Zaratan,22,,,,
Zaratan,26,,,,
Zargash,3,,,,
Zariel,26,,,,
Zariel,26,,,,
Zegana,16,,,,
Zeitgeist,6,,,,
Zergling,1/2,,,,
"Zetalpa, Primal Dawn",30,,,,
Zikran,12,,,,
Zikzokrishka,17,,,,
Zimwi,4,,,,
Zindar,8,,,,
Ziphius,8,,,,
Ziraj the Hunter,8,,,,
Zmey,14,,,,
Zombie,1/4,,,,
Zombie Clot,6,,,,
Zombie Plague Spreader,4,,,,
Zombie Raven,0,,,,
Zombie Troll,5,,,,
Zoog,0,,,,
Zoog Grove Keeper,4,,,,
Zoog Trapper,1/4,,,,
Zorbo,1/2,,,,
Zoryas,8,,,,
Zouyu,6,,,,
Zuggtmoy,23,,,,
Zuggtmoy,23,,,,
"Zyz, Scourge of the Skies",30,,,,